0,3089.88,2.18,2.1,0.18,1.38,-0.08,-1.92,1.2
0,1598.7,1.41,1.55,1.04,1.85,0.14,-0.51,0.81
0,11756.0,2.06,1.44,1.38,0.79,-0.62,-0.06,-0.59
0,62363.85,0.64,1.65,2.05,1.58,1.01,0.4,-0.47
0,43829.38,0.55,1.0,1.22,0.86,0.45,0.22,-0.36
0,45244.23,0.5,1.91,0.02,1.85,1.41,-1.89,1.83
0,79719.05,1.24,2.02,1.66,2.18,0.78,-0.36,0.52
0,11544.72,1.1,1.92,1.13,1.17,0.82,-0.79,0.04
0,55489.08,2.24,0.65,1.6,0.72,-1.59,0.95,-0.88
0,10479.76,1.38,0.21,0.25,1.52,-1.17,0.04,1.27
0,19125.63,0.24,1.75,1.07,0.69,1.51,-0.68,-0.38
0,16304.88,0.48,0.27,0.64,0.75,-0.21,0.37,0.11
0,69027.48,0.38,1.3,0.75,0.8,0.92,-0.55,0.05
0,69824.25,0.39,0.32,1.64,1.04,-0.07,1.32,-0.6
0,17134.91,0.88,1.67,0.19,0.4,0.79,-1.48,0.21
0,11036.72,2.28,1.12,0.86,2.14,-1.16,-0.26,1.28
0,17976.25,1.95,0.51,1.83,1.72,-1.44,1.32,-0.11
0,56880.78,0.41,2.35,0.46,2.24,1.94,-1.89,1.78
0,14804.53,1.27,1.15,2.38,2.08,-0.12,1.23,-0.3
0,9675.62,0.86,2.3,1.35,0.06,1.44,-0.95,-1.29
0,38645.63,0.84,2.4,0.74,1.07,1.56,-1.66,0.33
0,41085.81,2.26,2.0,1.46,0.41,-0.26,-0.54,-1.05
0,79217.24,0.65,0.83,2.34,0.92,0.18,1.51,-1.42
0,30669.32,1.78,1.34,2.22,2.27,-0.44,0.88,0.05
0,9221.43,0.87,2.09,1.88,2.06,1.22,-0.21,0.18
0,69765.99,2.24,0.95,0.47,2.14,-1.29,-0.48,1.67
0,26490.81,1.69,0.73,2.16,1.77,-0.96,1.43,-0.39
0,71598.47,1.62,1.46,2.15,1.37,-0.16,0.69,-0.78
0,78879.0,1.7,0.86,0.74,0.8,-0.84,-0.12,0.06
0,15379.8,0.09,1.84,1.33,1.86,1.75,-0.51,0.53
0,44647.58,0.29,1.72,1.92,2.04,1.43,0.2,0.12
0,34392.33,0.91,0.51,2.48,1.29,-0.4,1.97,-1.19
0,4934.37,2.01,1.93,2.2,1.65,-0.08,0.27,-0.55
0,71102.3,1.36,1.44,2.23,0.07,0.08,0.79,-2.16
0,68380.6,2.46,1.15,1.31,0.32,-1.31,0.16,-0.99
0,26477.69,2.05,1.05,1.92,0.06,-1.0,0.87,-1.86
0,54870.35,1.75,0.37,1.39,0.69,-1.38,1.02,-0.7
0,17281.28,1.07,1.35,1.5,1.09,0.28,0.15,-0.41
0,35081.12,0.77,2.3,0.27,0.86,1.53,-2.03,0.59
0,20118.67,2.49,1.56,0.48,0.66,-0.93,-1.08,0.18
0,14995.7,1.34,0.89,1.83,0.25,-0.45,0.94,-1.58
0,69982.9,0.31,1.58,1.65,0.86,1.27,0.07,-0.79
0,1311.47,0.18,1.89,1.34,0.29,1.71,-0.55,-1.05
1,79359.49,2.27,0.85,0.02,0.82,-1.42,-0.83,0.8
0,55219.33,2.41,1.83,2.21,0.86,-0.58,0.38,-1.35
0,1842.87,1.73,0.6,0.68,1.63,-1.13,0.08,0.95
0,30174.8,0.57,1.3,1.47,1.52,0.73,0.17,0.05
0,49551.05,0.44,1.46,0.48,0.12,1.02,-0.98,-0.36
0,15461.08,0.44,1.84,2.44,1.53,1.4,0.6,-0.91
0,70202.57,2.34,2.45,1.58,0.1,0.11,-0.87,-1.48
0,14426.18,2.24,0.95,0.03,0.73,-1.29,-0.92,0.7
0,78061.83,1.38,2.33,1.76,0.98,0.95,-0.57,-0.78
0,24395.88,1.99,0.92,2.27,0.51,-1.07,1.35,-1.76
0,71978.07,0.66,1.48,0.98,0.24,0.82,-0.5,-0.74
0,52518.69,2.41,1.41,0.02,1.88,-1.0,-1.39,1.86
0,55002.49,2.49,2.03,1.48,0.8,-0.46,-0.55,-0.68
0,48708.57,1.24,0.74,0.43,0.77,-0.5,-0.31,0.34
0,76557.65,1.31,0.74,1.08,0.2,-0.57,0.34,-0.88
0,74817.43,1.67,1.68,0.69,2.38,0.01,-0.99,1.69
0,70601.29,1.3,2.48,2.13,0.98,1.18,-0.35,-1.15
0,31090.15,0.9,1.44,0.37,1.09,0.54,-1.07,0.72
0,76328.52,1.25,1.65,1.5,0.93,0.4,-0.15,-0.57
0,23355.37,2.4,0.05,0.29,0.87,-2.35,0.24,0.58
0,4932.27,0.36,1.37,2.17,2.21,1.01,0.8,0.04
0,25245.77,0.37,2.26,2.05,0.84,1.89,-0.21,-1.21
1,73168.21,0.63,0.08,0.91,1.45,-0.55,0.83,0.54
0,74321.1,2.43,0.77,0.32,0.79,-1.66,-0.45,0.47
0,8952.19,0.64,0.6,1.16,0.19,-0.04,0.56,-0.97
0,63448.6,2.33,0.48,0.58,0.77,-1.85,0.1,0.19
0,67706.0,0.53,0.53,2.39,0.56,0.0,1.86,-1.83
0,73578.4,1.42,1.58,0.41,0.94,0.16,-1.17,0.53
0,57418.0,0.92,1.07,1.39,0.2,0.15,0.32,-1.19
0,16716.07,0.21,2.32,2.31,2.01,2.11,-0.01,-0.3
0,49812.88,1.27,1.66,2.04,0.38,0.39,0.38,-1.66
0,56818.38,2.28,1.62,1.04,1.38,-0.66,-0.58,0.34
0,21197.51,1.28,1.19,2.44,0.94,-0.09,1.25,-1.5
0,74027.36,1.81,0.37,0.24,2.12,-1.44,-0.13,1.88
0,43016.33,1.3,1.53,0.03,0.8,0.23,-1.5,0.77
1,8163.86,0.85,1.45,0.14,2.12,0.6,-1.31,1.98
0,62047.96,0.71,0.42,2.02,1.31,-0.29,1.6,-0.71
0,51373.8,2.19,0.09,0.03,2.36,-2.1,-0.06,2.33
0,8129.92,0.42,0.12,1.95,1.21,-0.3,1.83,-0.74
0,37200.93,2.31,1.95,1.62,2.39,-0.36,-0.33,0.77
0,42407.84,0.56,2.17,1.86,1.45,1.61,-0.31,-0.41
0,33837.46,1.22,2.38,1.17,0.55,1.16,-1.21,-0.62
1,11463.55,0.72,2.45,0.16,0.65,1.73,-2.29,0.49
0,13808.3,1.75,1.97,1.88,1.75,0.22,-0.09,-0.13
0,26449.86,0.83,0.48,1.89,1.52,-0.35,1.41,-0.37
0,59939.88,0.85,0.36,2.35,1.93,-0.49,1.99,-0.42
0,30100.82,1.53,1.57,0.39,1.11,0.04,-1.18,0.72
0,76873.39,1.74,1.98,0.53,2.25,0.24,-1.45,1.72
0,15569.22,1.77,2.29,1.82,0.06,0.52,-0.47,-1.76
1,23789.38,1.01,0.71,0.14,2.12,-0.3,-0.57,1.98
0,23495.61,0.68,0.72,1.48,0.94,0.04,0.76,-0.54
0,16508.48,0.1,2.42,0.87,0.85,2.32,-1.55,-0.02
0,60674.21,0.15,1.47,0.92,1.45,1.32,-0.55,0.53
0,59048.77,1.8,2.12,1.0,1.65,0.32,-1.12,0.65
0,57317.75,0.91,2.03,2.22,1.52,1.12,0.19,-0.7
0,48393.06,1.35,0.43,1.69,1.02,-0.92,1.26,-0.67
0,55212.7,0.14,1.41,0.86,2.0,1.27,-0.55,1.14
0,45963.93,1.91,1.32,2.37,0.29,-0.59,1.05,-2.08
0,52273.89,2.38,0.68,1.03,0.91,-1.7,0.35,-0.12
0,37659.8,1.05,0.43,2.01,2.0,-0.62,1.58,-0.01
0,78761.54,1.11,1.32,1.74,2.44,0.21,0.42,0.7
0,67101.14,0.05,2.17,1.77,1.61,2.12,-0.4,-0.16
0,57381.39,1.13,1.07,1.23,0.94,-0.06,0.16,-0.29
0,79004.87,1.5,1.66,1.12,0.39,0.16,-0.54,-0.73
0,34837.95,0.69,1.4,1.01,2.01,0.71,-0.39,1.0
0,28439.18,1.09,1.96,1.53,0.77,0.87,-0.43,-0.76
0,57075.27,2.21,2.24,1.14,0.74,0.03,-1.1,-0.4
1,60175.24,1.48,0.09,0.92,2.23,-1.39,0.83,1.31
1,38664.03,2.28,0.5,0.04,1.21,-1.78,-0.46,1.17
0,69579.91,1.82,0.34,2.11,1.84,-1.48,1.77,-0.27
0,45277.26,1.23,2.41,0.72,1.1,1.18,-1.69,0.38
0,18817.87,1.99,1.38,0.94,0.05,-0.61,-0.44,-0.89
0,44524.16,1.8,2.5,1.54,0.04,0.7,-0.96,-1.5
0,21071.57,0.4,1.1,0.08,0.25,0.7,-1.02,0.17
0,49512.97,1.85,0.72,0.59,1.53,-1.13,-0.13,0.94
0,62746.87,0.93,1.84,2.15,2.19,0.91,0.31,0.04
0,51701.83,1.45,0.72,1.33,1.94,-0.73,0.61,0.61
0,78007.93,0.26,1.38,0.84,2.26,1.12,-0.54,1.42
1,60436.16,1.93,0.73,0.19,2.01,-1.2,-0.54,1.82
0,43283.32,1.1,2.4,1.33,0.66,1.3,-1.07,-0.67
0,20840.99,0.19,1.23,1.98,2.07,1.04,0.75,0.09
0,64675.45,1.57,0.93,1.57,1.66,-0.64,0.64,0.09
1,62412.86,1.07,1.52,0.13,2.49,0.45,-1.39,2.36
0,45267.92,0.75,1.07,0.98,2.27,0.32,-0.09,1.29
0,25621.49,0.41,0.78,0.1,1.52,0.37,-0.68,1.42
0,37725.2,2.14,1.87,1.06,2.29,-0.27,-0.81,1.23
0,30139.4,0.94,2.44,1.75,2.12,1.5,-0.69,0.37
0,68881.33,0.82,2.26,1.59,1.72,1.44,-0.67,0.13
0,1219.18,1.22,2.1,1.26,2.03,0.88,-0.84,0.77
0,47320.07,0.53,1.34,1.95,2.06,0.81,0.61,0.11
0,66634.2,1.54,0.84,1.49,1.51,-0.7,0.65,0.02
0,57270.87,0.23,0.73,1.71,0.45,0.5,0.98,-1.26
0,63460.91,0.26,1.05,1.8,1.5,0.79,0.75,-0.3
0,62932.04,0.99,0.66,0.65,0.31,-0.33,-0.01,-0.34
0,79116.42,2.4,0.38,1.35,1.43,-2.02,0.97,0.08
0,35010.44,0.94,2.48,0.0,2.39,1.54,-2.48,2.39
0,13803.94,2.43,0.38,1.53,0.9,-2.05,1.15,-0.63
0,75031.06,0.06,1.43,0.68,1.75,1.37,-0.75,1.07
1,4338.61,0.92,0.07,2.17,1.76,-0.85,2.1,-0.41
0,21955.88,1.76,0.94,0.43,1.35,-0.82,-0.51,0.92
0,72390.34,1.45,1.56,1.14,0.23,0.11,-0.42,-0.91
0,15943.36,0.89,2.49,0.75,1.63,1.6,-1.74,0.88
0,33167.8,0.95,0.23,1.52,2.13,-0.72,1.29,0.61
0,2853.41,0.15,1.89,1.8,1.27,1.74,-0.09,-0.53
0,77945.78,0.27,0.43,1.9,1.73,0.16,1.47,-0.17
0,48651.84,1.02,2.02,0.98,1.33,1.0,-1.04,0.35
0,27338.28,1.78,2.05,0.51,0.23,0.27,-1.54,-0.28
0,49872.8,0.77,2.13,0.22,1.08,1.36,-1.91,0.86
0,48090.34,0.87,1.91,1.45,1.68,1.04,-0.46,0.23
0,60770.83,1.34,1.74,0.52,1.58,0.4,-1.22,1.06
1,63878.06,1.9,0.03,1.3,0.73,-1.87,1.27,-0.57
0,66162.55,1.86,0.33,1.79,1.64,-1.53,1.46,-0.15
0,47784.27,0.7,2.19,1.45,2.02,1.49,-0.74,0.57
0,59403.3,0.32,0.07,2.05,1.24,-0.25,1.98,-0.81
0,54398.41,1.76,1.94,0.48,2.05,0.18,-1.46,1.57
0,39013.85,0.0,1.8,1.56,1.01,1.8,-0.24,-0.55
0,7090.86,2.14,1.55,0.73,0.41,-0.59,-0.82,-0.32
0,35175.7,2.39,1.4,1.52,0.89,-0.99,0.12,-0.63
0,53945.25,2.32,0.44,1.01,2.04,-1.88,0.57,1.03
0,9635.63,0.47,1.0,0.22,2.36,0.53,-0.78,2.14
0,45145.12,0.62,1.14,2.38,2.17,0.52,1.24,-0.21
0,70232.26,0.53,0.15,1.35,1.17,-0.38,1.2,-0.18
0,52684.52,1.22,2.29,0.04,0.67,1.07,-2.25,0.63
0,28556.04,0.58,0.85,0.85,2.13,0.27,0.0,1.28
0,49754.13,1.37,0.37,1.26,2.32,-1.0,0.89,1.06
0,3303.32,0.31,0.99,0.79,1.79,0.68,-0.2,1.0
0,34774.64,0.37,2.26,0.53,1.64,1.89,-1.73,1.11
0,38778.93,0.35,1.72,0.39,0.99,1.37,-1.33,0.6
0,61342.38,0.39,0.9,0.59,0.35,0.51,-0.31,-0.24
0,12878.84,0.39,2.16,1.41,0.75,1.77,-0.75,-0.66
0,60392.56,1.24,1.1,1.14,2.4,-0.14,0.04,1.26
0,33229.05,1.44,0.93,1.15,1.25,-0.51,0.22,0.1
0,32881.45,0.46,0.42,0.64,1.23,-0.04,0.22,0.59
0,69911.24,0.47,2.15,2.29,0.18,1.68,0.14,-2.11
0,67994.26,1.86,0.77,1.7,1.79,-1.09,0.93,0.09
0,20145.97,2.0,2.39,0.17,0.17,0.39,-2.22,0.0
0,39808.53,1.57,0.9,2.19,0.02,-0.67,1.29,-2.17
0,33302.69,1.24,0.15,1.98,1.04,-1.09,1.83,-0.94
0,19293.83,1.23,1.85,2.16,1.55,0.62,0.31,-0.61
0,51922.48,1.23,2.05,1.55,1.91,0.82,-0.5,0.36
1,73357.01,1.06,2.4,0.03,1.48,1.34,-2.37,1.45
0,78206.82,0.65,1.35,0.24,0.06,0.7,-1.11,-0.18
0,40908.55,2.4,1.54,0.87,0.0,-0.86,-0.67,-0.87
0,68722.84,2.42,2.37,1.98,0.78,-0.05,-0.39,-1.2
1,4628.29,1.73,0.06,0.01,1.45,-1.67,-0.05,1.44
0,69549.34,1.96,2.18,1.46,0.58,0.22,-0.72,-0.88
0,72867.87,0.87,2.4,1.67,2.16,1.53,-0.73,0.49
0,38631.86,1.76,0.96,1.17,0.25,-0.8,0.21,-0.92
0,17780.21,0.84,2.31,2.02,1.68,1.47,-0.29,-0.34
0,65690.32,1.91,0.62,0.57,0.96,-1.29,-0.05,0.39
0,77033.62,1.45,1.84,2.21,0.12,0.39,0.37,-2.09
0,50858.09,1.8,0.81,1.37,1.35,-0.99,0.56,-0.02
0,33399.14,0.47,1.81,2.04,0.76,1.34,0.23,-1.28
0,68856.28,1.88,2.08,1.81,1.93,0.2,-0.27,0.12
0,44452.18,0.02,1.38,2.0,0.98,1.36,0.62,-1.02
0,34181.27,1.39,2.34,0.66,0.75,0.95,-1.68,0.09
0,12747.68,1.52,0.94,1.06,0.25,-0.58,0.12,-0.81
0,63034.18,0.52,1.01,1.01,0.15,0.49,0.0,-0.86
0,39088.59,0.57,2.4,2.34,2.02,1.83,-0.06,-0.32
0,67721.91,0.98,0.22,2.35,1.41,-0.76,2.13,-0.94
0,73007.02,1.75,0.2,1.23,0.43,-1.55,1.03,-0.8
0,39128.41,1.5,2.43,1.86,1.68,0.93,-0.57,-0.18
0,26911.77,0.53,1.84,2.08,0.3,1.31,0.24,-1.78
0,20291.45,0.72,0.27,1.83,1.62,-0.45,1.56,-0.21
0,61027.49,0.83,0.2,2.28,0.75,-0.63,2.08,-1.53
0,27443.66,0.24,0.47,0.97,0.17,0.23,0.5,-0.8
0,59034.73,1.86,0.75,1.37,0.33,-1.11,0.62,-1.04
0,56455.82,0.54,1.42,1.69,2.36,0.88,0.27,0.67
0,63272.56,0.78,1.46,1.16,0.24,0.68,-0.3,-0.92
0,47920.09,1.85,1.89,0.93,0.29,0.04,-0.96,-0.64
0,58068.11,2.49,0.91,1.79,0.89,-1.58,0.88,-0.9
0,68229.88,0.08,1.58,1.49,1.75,1.5,-0.09,0.26
0,52892.73,0.62,2.17,1.37,1.41,1.55,-0.8,0.04
1,79804.39,1.03,1.41,0.18,1.76,0.38,-1.23,1.58
0,1732.32,0.9,0.5,0.49,2.29,-0.4,-0.01,1.8
0,77526.95,0.0,1.93,1.28,0.58,1.93,-0.65,-0.7
0,65849.62,2.02,1.63,1.46,1.97,-0.39,-0.17,0.51
0,25025.28,2.0,0.89,1.6,2.2,-1.11,0.71,0.6
0,69525.52,1.16,0.05,2.25,0.07,-1.11,2.2,-2.18
0,52105.6,1.43,2.29,2.26,0.63,0.86,-0.03,-1.63
0,30712.45,0.27,0.11,0.32,2.11,-0.16,0.21,1.79
0,77073.27,1.94,1.19,1.51,2.45,-0.75,0.32,0.94
0,42608.94,1.0,2.16,1.33,1.97,1.16,-0.83,0.64
0,1056.89,2.45,1.37,1.17,0.28,-1.08,-0.2,-0.89
0,35426.31,1.27,0.38,2.01,0.72,-0.89,1.63,-1.29
0,43002.37,1.38,1.34,0.28,1.58,-0.04,-1.06,1.3
0,77085.84,1.52,2.39,0.4,1.98,0.87,-1.99,1.58
0,51311.05,1.88,1.8,2.3,2.21,-0.08,0.5,-0.09
0,18885.45,1.35,1.13,1.43,1.48,-0.22,0.3,0.05
0,23956.1,1.2,0.89,1.63,0.9,-0.31,0.74,-0.73
0,77585.94,1.07,2.25,0.59,1.71,1.18,-1.66,1.12
0,41139.71,1.01,1.99,1.33,1.59,0.98,-0.66,0.26
0,74277.71,1.8,0.84,0.79,0.04,-0.96,-0.05,-0.75
0,65137.29,0.48,1.53,0.85,1.22,1.05,-0.68,0.37
0,35882.99,1.01,0.68,0.77,2.07,-0.33,0.09,1.3
0,73441.69,1.31,0.87,1.87,0.91,-0.44,1.0,-0.96
0,75958.24,0.01,2.21,0.1,0.59,2.2,-2.11,0.49
0,22747.74,2.23,1.71,2.45,0.67,-0.52,0.74,-1.78
0,58723.37,1.03,1.32,0.23,0.0,0.29,-1.09,-0.23
1,10488.55,2.08,0.45,0.19,1.96,-1.63,-0.26,1.77
0,17422.15,1.54,1.34,1.08,1.31,-0.2,-0.26,0.23
0,57701.11,2.33,0.79,1.75,1.89,-1.54,0.96,0.14
1,38385.68,2.42,0.39,0.04,0.65,-2.03,-0.35,0.61
0,9340.1,0.98,1.95,1.5,1.99,0.97,-0.45,0.49
0,60404.75,1.78,0.05,0.28,1.85,-1.73,0.23,1.57
0,24967.39,1.34,0.75,1.75,0.81,-0.59,1.0,-0.94
0,65234.1,1.36,1.07,1.8,2.11,-0.29,0.73,0.31
1,59532.77,2.22,1.71,0.03,1.39,-0.51,-1.68,1.36
0,28354.3,1.62,1.25,0.05,1.32,-0.37,-1.2,1.27
0,63876.34,2.18,0.26,0.76,1.18,-1.92,0.5,0.42
0,76588.52,1.67,0.5,1.05,0.74,-1.17,0.55,-0.31
0,42565.6,1.68,2.31,1.78,2.05,0.63,-0.53,0.27
0,51559.49,0.15,0.34,0.48,2.35,0.19,0.14,1.87
0,34236.65,0.46,1.25,0.74,1.28,0.79,-0.51,0.54
0,2619.65,1.44,0.54,2.48,1.8,-0.9,1.94,-0.68
0,76352.45,0.2,2.1,1.22,1.17,1.9,-0.88,-0.05
0,56419.8,0.81,2.12,0.55,1.3,1.31,-1.57,0.75
0,33563.21,2.1,1.73,0.49,1.0,-0.37,-1.24,0.51
0,71452.16,0.67,1.11,0.63,2.22,0.44,-0.48,1.59
0,58559.33,0.22,1.36,0.39,2.17,1.14,-0.97,1.78
0,65134.68,1.93,2.47,1.4,2.03,0.54,-1.07,0.63
0,59526.15,0.32,2.3,0.66,1.89,1.98,-1.64,1.23
1,50885.89,1.59,1.22,0.17,1.68,-0.37,-1.05,1.51
0,54591.85,2.18,1.07,1.74,0.63,-1.11,0.67,-1.11
0,36079.35,0.27,1.62,2.31,0.32,1.35,0.69,-1.99
0,79719.3,2.29,1.72,2.3,1.4,-0.57,0.58,-0.9
0,71509.62,1.84,1.2,1.15,0.45,-0.64,-0.05,-0.7
0,45235.41,1.67,0.5,0.66,0.43,-1.17,0.16,-0.23
0,50546.11,0.3,1.92,0.83,0.08,1.62,-1.09,-0.75
0,70283.6,1.68,0.28,0.47,2.01,-1.4,0.19,1.54
0,59334.69,0.48,1.43,2.3,0.42,0.95,0.87,-1.88
0,66244.19,1.27,2.2,1.68,1.0,0.93,-0.52,-0.68
0,46582.96,0.45,1.87,0.47,0.43,1.42,-1.4,-0.04
0,60636.93,0.86,1.32,1.49,0.48,0.46,0.17,-1.01
0,77454.92,1.84,0.24,0.38,1.8,-1.6,0.14,1.42
0,47109.61,1.43,2.39,1.61,0.79,0.96,-0.78,-0.82
0,69595.42,1.43,2.44,1.08,1.19,1.01,-1.36,0.11
0,11536.88,2.04,1.54,0.79,2.23,-0.5,-0.75,1.44
0,4029.88,0.32,1.81,0.02,1.37,1.49,-1.79,1.35
0,1959.93,2.5,0.63,1.24,2.48,-1.87,0.61,1.24
0,58376.48,0.7,2.34,2.42,1.22,1.64,0.08,-1.2
0,35115.18,0.14,1.8,1.93,2.47,1.66,0.13,0.54
0,1157.75,0.54,0.38,1.61,2.31,-0.16,1.23,0.7
0,74463.65,0.45,0.37,2.16,1.77,-0.08,1.79,-0.39
0,66991.39,2.43,0.52,0.19,0.84,-1.91,-0.33,0.65
0,61179.23,2.26,1.67,2.22,1.0,-0.59,0.55,-1.22
0,8412.53,1.47,0.8,0.43,1.69,-0.67,-0.37,1.26
0,75392.85,2.47,1.06,0.55,0.16,-1.41,-0.51,-0.39
0,14779.87,1.24,1.09,1.23,2.25,-0.15,0.14,1.02
0,60458.21,0.75,1.93,1.02,1.41,1.18,-0.91,0.39
0,67607.72,2.19,2.09,2.15,2.35,-0.1,0.06,0.2
0,53273.07,0.92,0.31,0.21,2.01,-0.61,-0.1,1.8
0,37792.71,1.58,1.15,2.44,2.33,-0.43,1.29,-0.11
0,8694.84,1.18,2.17,1.84,1.13,0.99,-0.33,-0.71
0,18794.13,1.39,0.49,0.07,1.77,-0.9,-0.42,1.7
0,53179.4,2.07,0.7,2.02,0.71,-1.37,1.32,-1.31
0,22569.22,0.66,0.89,2.16,1.3,0.23,1.27,-0.86
0,46826.95,1.82,1.52,2.29,1.04,-0.3,0.77,-1.25
0,18577.97,0.88,0.66,1.86,1.97,-0.22,1.2,0.11
0,59558.7,1.61,1.36,1.78,2.06,-0.25,0.42,0.28
0,39021.93,0.13,0.14,0.68,1.41,0.01,0.54,0.73
0,8373.99,1.8,0.25,2.48,1.21,-1.55,2.23,-1.27
0,73896.7,2.29,1.17,1.28,0.93,-1.12,0.11,-0.35
0,6871.54,1.94,0.36,1.28,2.26,-1.58,0.92,0.98
0,79256.41,0.11,2.48,1.66,0.1,2.37,-0.82,-1.56
0,63972.83,0.46,1.22,1.11,1.43,0.76,-0.11,0.32
0,19441.35,0.42,0.53,0.36,0.25,0.11,-0.17,-0.11
1,62891.5,0.66,0.15,0.4,1.98,-0.51,0.25,1.58
0,40920.04,1.44,0.41,0.01,1.0,-1.03,-0.4,0.99
0,7291.43,1.13,2.49,2.02,1.39,1.36,-0.47,-0.63
0,50993.37,2.21,1.36,2.46,2.05,-0.85,1.1,-0.41
0,4023.85,0.02,0.9,1.64,2.41,0.88,0.74,0.77
0,48475.86,2.11,0.51,1.62,0.22,-1.6,1.11,-1.4
0,13171.29,1.6,2.49,1.08,0.95,0.89,-1.41,-0.13
0,40941.44,2.36,1.89,0.1,0.62,-0.47,-1.79,0.52
0,42298.29,0.5,1.0,0.28,0.95,0.5,-0.72,0.67
0,68926.98,0.77,1.03,2.49,1.59,0.26,1.46,-0.9
0,48964.23,2.45,1.47,2.11,0.3,-0.98,0.64,-1.81
0,39807.97,0.25,2.42,0.64,2.13,2.17,-1.78,1.49
0,14119.0,2.17,1.61,1.29,0.39,-0.56,-0.32,-0.9
0,17431.25,1.4,0.5,0.34,2.12,-0.9,-0.16,1.78
0,68569.71,1.17,1.37,0.09,2.11,0.2,-1.28,2.02
0,72467.72,1.76,0.54,1.2,1.17,-1.22,0.66,-0.03
0,49690.4,0.15,0.95,1.95,0.66,0.8,1.0,-1.29
0,65595.75,1.12,1.05,1.91,0.37,-0.07,0.86,-1.54
0,46716.8,1.44,1.18,1.22,0.76,-0.26,0.04,-0.46
0,9836.62,0.98,2.06,1.97,0.33,1.08,-0.09,-1.64
0,60213.84,1.73,0.72,1.38,1.82,-1.01,0.66,0.44
0,65341.5,1.71,1.07,1.04,0.45,-0.64,-0.03,-0.59
0,65360.57,2.03,1.47,1.53,2.31,-0.56,0.06,0.78
0,69718.6,0.32,1.69,0.84,0.37,1.37,-0.85,-0.47
0,77090.95,0.38,2.33,1.95,2.22,1.95,-0.38,0.27
0,58428.49,0.78,0.45,2.44,0.36,-0.33,1.99,-2.08
0,49667.71,0.25,0.16,0.5,1.51,-0.09,0.34,1.01
0,39496.28,0.49,2.05,0.99,2.45,1.56,-1.06,1.46
0,59789.06,1.93,1.16,0.15,1.07,-0.77,-1.01,0.92
0,1449.18,0.97,1.62,1.03,0.93,0.65,-0.59,-0.1
0,46988.59,0.46,0.0,0.74,0.79,-0.46,0.74,0.05
0,68679.65,2.05,1.17,0.56,0.95,-0.88,-0.61,0.39
0,2536.96,2.47,1.75,0.93,1.75,-0.72,-0.82,0.82
0,28316.36,1.66,1.73,1.46,1.52,0.07,-0.27,0.06
0,64278.84,1.94,0.83,2.41,1.97,-1.11,1.58,-0.44
0,52113.89,1.86,2.18,0.31,1.57,0.32,-1.87,1.26
0,23346.13,1.77,0.92,2.2,0.04,-0.85,1.28,-2.16
0,56349.48,2.47,1.08,0.03,1.53,-1.39,-1.05,1.5
0,39176.85,0.71,1.78,0.26,1.08,1.07,-1.52,0.82
0,48746.22,1.21,0.7,1.04,2.12,-0.51,0.34,1.08
0,1387.59,0.57,0.68,1.22,0.39,0.11,0.54,-0.83
0,25269.13,2.29,2.23,0.09,0.45,-0.06,-2.14,0.36
1,57005.41,1.26,0.11,2.13,0.81,-1.15,2.02,-1.32
0,21089.79,0.74,1.31,2.36,0.42,0.57,1.05,-1.94
0,33088.13,1.39,1.16,1.79,1.15,-0.23,0.63,-0.64
1,4045.9,1.61,0.91,0.09,1.38,-0.7,-0.82,1.29
0,47460.29,0.32,0.36,2.39,0.16,0.04,2.03,-2.23
0,78196.42,0.75,0.16,0.57,1.75,-0.59,0.41,1.18
0,17175.67,1.47,0.61,1.86,1.53,-0.86,1.25,-0.33
0,20029.04,1.7,2.25,1.13,0.39,0.55,-1.12,-0.74
0,79213.16,1.79,2.09,1.63,2.49,0.3,-0.46,0.86
0,63735.61,1.56,0.2,0.8,0.38,-1.36,0.6,-0.42
0,49254.59,2.46,1.62,1.03,0.09,-0.84,-0.59,-0.94
0,65276.82,2.34,2.02,0.56,1.91,-0.32,-1.46,1.35
0,16720.95,1.97,2.1,1.47,1.78,0.13,-0.63,0.31
0,49775.89,0.91,1.47,2.24,2.17,0.56,0.77,-0.07
0,43037.74,0.78,1.9,2.2,2.25,1.12,0.3,0.05
0,5598.73,1.82,1.02,1.9,1.24,-0.8,0.88,-0.66
0,60427.66,1.55,2.41,1.12,0.52,0.86,-1.29,-0.6
0,62627.03,1.65,1.98,1.15,0.49,0.33,-0.83,-0.66
0,8160.61,1.73,1.43,2.03,0.18,-0.3,0.6,-1.85
0,74597.65,2.33,0.23,2.4,1.08,-2.1,2.17,-1.32
0,15669.37,1.15,0.58,1.65,2.07,-0.57,1.07,0.42
0,23797.31,0.12,0.64,2.44,0.41,0.52,1.8,-2.03
0,41003.6,0.82,2.36,1.43,2.07,1.54,-0.93,0.64
0,58665.83,1.29,2.14,1.54,2.12,0.85,-0.6,0.58
0,30549.95,0.13,1.81,1.2,2.2,1.68,-0.61,1.0
0,59709.31,0.25,1.6,0.62,1.9,1.35,-0.98,1.28
1,77049.65,0.96,0.08,1.11,1.81,-0.88,1.03,0.7
0,39408.57,1.76,0.82,1.49,0.31,-0.94,0.67,-1.18
0,41829.63,1.65,1.87,2.28,0.25,0.22,0.41,-2.03
0,18120.38,0.48,2.05,0.47,2.42,1.57,-1.58,1.95
0,32989.04,1.68,0.16,0.86,0.22,-1.52,0.7,-0.64
0,32359.7,0.93,1.4,0.26,1.58,0.47,-1.14,1.32
0,41542.44,0.36,0.87,0.92,0.17,0.51,0.05,-0.75
0,43782.91,2.39,1.03,1.95,0.55,-1.36,0.92,-1.4
0,22501.46,0.53,1.2,2.39,1.43,0.67,1.19,-0.96
0,60019.59,1.31,1.04,1.0,0.06,-0.27,-0.04,-0.94
0,21918.9,2.48,0.39,0.9,1.56,-2.09,0.51,0.66
0,13525.01,1.8,0.63,0.25,0.73,-1.17,-0.38,0.48
0,59328.08,0.65,0.74,1.9,0.71,0.09,1.16,-1.19
0,36458.96,2.08,1.78,0.08,1.68,-0.3,-1.7,1.6
0,62712.69,1.22,0.75,1.37,2.05,-0.47,0.62,0.68
0,57469.1,2.02,1.93,1.32,1.79,-0.09,-0.61,0.47
0,59236.24,0.02,2.27,0.98,2.37,2.25,-1.29,1.39
0,4678.2,0.86,1.45,0.66,0.19,0.59,-0.79,-0.47
0,59368.11,1.25,0.32,0.69,0.7,-0.93,0.37,0.01
0,71737.15,1.04,0.94,1.36,0.72,-0.1,0.42,-0.64
1,52209.34,2.38,0.81,0.01,1.69,-1.57,-0.8,1.68
0,31626.39,2.02,0.23,1.17,0.92,-1.79,0.94,-0.25
0,72542.72,0.15,2.0,0.52,1.72,1.85,-1.48,1.2
0,10236.21,2.27,2.01,2.36,1.73,-0.26,0.35,-0.63
0,30732.11,2.46,0.48,2.35,0.36,-1.98,1.87,-1.99
0,4230.69,1.0,0.51,1.54,0.1,-0.49,1.03,-1.44
0,73269.4,1.13,0.58,0.42,0.73,-0.55,-0.16,0.31
0,45799.78,1.6,0.54,2.33,1.9,-1.06,1.79,-0.43
0,64594.09,1.25,0.2,1.19,0.77,-1.05,0.99,-0.42
0,9722.84,0.54,1.74,2.34,1.9,1.2,0.6,-0.44
1,69657.47,1.64,1.15,0.08,1.14,-0.49,-1.07,1.06
0,71718.26,0.61,0.48,0.12,0.19,-0.13,-0.36,0.07
0,73439.52,0.47,0.32,2.32,0.56,-0.15,2.0,-1.76
0,23738.34,1.91,0.62,0.76,2.29,-1.29,0.14,1.53
0,9586.91,1.14,2.31,0.23,0.77,1.17,-2.08,0.54
0,18195.45,0.35,1.18,2.18,1.99,0.83,1.0,-0.19
0,17797.01,1.14,1.77,0.01,1.91,0.63,-1.76,1.9
0,68007.43,2.36,1.33,0.57,0.2,-1.03,-0.76,-0.37
0,27220.62,1.28,1.53,0.55,0.99,0.25,-0.98,0.44
0,18967.32,0.1,0.1,1.47,0.94,0.0,1.37,-0.53
0,57393.12,0.46,1.56,0.83,0.31,1.1,-0.73,-0.52
0,56928.33,0.31,2.12,0.68,1.2,1.81,-1.44,0.52
0,8060.51,2.23,0.8,2.45,2.41,-1.43,1.65,-0.04
0,13686.37,0.59,2.44,1.87,0.99,1.85,-0.57,-0.88
0,59469.3,0.16,1.04,2.39,2.43,0.88,1.35,0.04
0,77499.1,1.92,0.06,2.29,1.22,-1.86,2.23,-1.07
0,62323.09,1.11,0.38,0.95,2.08,-0.73,0.57,1.13
0,16461.14,2.29,0.67,2.29,0.58,-1.62,1.62,-1.71
0,46901.06,0.62,1.05,2.5,2.27,0.43,1.45,-0.23
0,35957.38,2.06,1.27,1.91,1.61,-0.79,0.64,-0.3
0,19343.1,0.78,1.47,1.56,2.44,0.69,0.09,0.88
0,23601.5,2.36,1.43,1.94,1.96,-0.93,0.51,0.02
0,23504.95,1.05,0.59,0.82,1.98,-0.46,0.23,1.16
0,39883.64,1.77,2.45,1.15,1.95,0.68,-1.3,0.8
0,68771.51,1.78,0.43,0.87,0.21,-1.35,0.44,-0.66
1,77166.79,1.91,0.14,0.62,2.02,-1.77,0.48,1.4
0,61442.19,0.26,1.92,2.33,1.21,1.66,0.41,-1.12
0,68077.7,0.42,2.1,0.4,2.42,1.68,-1.7,2.02
0,58107.28,1.82,0.97,0.09,2.08,-0.85,-0.88,1.99
0,47491.52,0.16,1.84,2.17,1.61,1.68,0.33,-0.56
0,49212.95,1.21,1.22,0.69,0.32,0.01,-0.53,-0.37
1,21185.6,2.15,0.06,1.06,1.04,-2.09,1.0,-0.02
0,44451.91,1.73,1.46,0.42,0.1,-0.27,-1.04,-0.32
0,72678.0,2.35,1.53,0.98,0.7,-0.82,-0.55,-0.28
0,57294.98,0.56,0.47,1.6,0.74,-0.09,1.13,-0.86
0,12792.75,0.76,0.92,1.33,1.72,0.16,0.41,0.39
0,73704.41,1.64,2.32,0.98,1.86,0.68,-1.34,0.88
0,42343.16,0.64,0.14,0.91,0.17,-0.5,0.77,-0.74
0,54118.71,1.11,1.2,1.92,1.23,0.09,0.72,-0.69
0,7977.9,2.16,2.42,1.02,2.0,0.26,-1.4,0.98
0,21162.24,0.62,1.84,2.22,2.02,1.22,0.38,-0.2
0,52127.0,0.86,0.2,0.42,0.33,-0.66,0.22,-0.09
0,34587.92,0.35,1.26,0.74,1.66,0.91,-0.52,0.92
0,28893.64,1.23,1.16,1.72,0.7,-0.07,0.56,-1.02
0,30238.31,0.72,2.22,0.84,0.65,1.5,-1.38,-0.19
0,65191.12,1.33,0.05,1.45,0.3,-1.28,1.4,-1.15
0,16837.75,0.03,0.25,0.08,0.99,0.22,-0.17,0.91
0,3916.3,1.2,2.09,0.25,0.77,0.89,-1.84,0.52
0,69306.26,0.47,2.3,0.73,1.35,1.83,-1.57,0.62
0,45088.3,0.25,1.03,1.12,1.71,0.78,0.09,0.59
1,55314.84,1.97,0.12,1.33,2.17,-1.85,1.21,0.84
0,24322.26,0.07,0.84,0.33,0.58,0.77,-0.51,0.25
0,63184.37,2.42,0.35,1.23,1.74,-2.07,0.88,0.51
0,70994.04,1.95,2.24,0.26,2.27,0.29,-1.98,2.01
0,50800.65,2.11,1.44,1.55,0.89,-0.67,0.11,-0.66
0,22120.14,1.15,0.41,0.21,2.46,-0.74,-0.2,2.25
0,71212.45,0.88,2.47,2.32,0.64,1.59,-0.15,-1.68
0,67624.59,0.17,1.37,2.49,0.89,1.2,1.12,-1.6
0,66124.33,0.52,0.38,2.11,1.46,-0.14,1.73,-0.65
0,57703.76,0.95,2.04,0.17,2.44,1.09,-1.87,2.27
0,66435.63,0.17,0.05,1.01,1.68,-0.12,0.96,0.67
0,40259.43,0.33,2.3,1.04,0.63,1.97,-1.26,-0.41
0,51424.62,0.39,0.07,1.68,1.8,-0.32,1.61,0.12
0,42500.21,1.92,0.08,2.12,0.57,-1.84,2.04,-1.55
0,39507.7,0.62,0.92,0.4,2.0,0.3,-0.52,1.6
0,44787.64,1.01,1.2,1.83,1.18,0.19,0.63,-0.65
0,45068.25,1.22,2.06,1.49,1.0,0.84,-0.57,-0.49
0,6601.69,1.04,1.18,1.81,0.05,0.14,0.63,-1.76
0,16238.78,2.2,0.9,0.33,0.73,-1.3,-0.57,0.4
0,6549.46,0.29,0.35,2.23,2.14,0.06,1.88,-0.09
0,56411.0,1.89,1.92,0.98,0.28,0.03,-0.94,-0.7
1,61352.6,2.44,0.18,0.67,1.74,-2.26,0.49,1.07
0,27742.27,1.58,1.82,0.48,1.88,0.24,-1.34,1.4
0,66592.55,0.94,2.04,0.86,2.35,1.1,-1.18,1.49
1,79950.03,2.12,2.1,0.14,1.18,-0.02,-1.96,1.04
0,71449.31,0.54,0.73,0.13,1.14,0.19,-0.6,1.01
0,47965.29,1.48,0.39,1.75,2.38,-1.09,1.36,0.63
0,70133.47,0.77,0.93,1.25,0.93,0.16,0.32,-0.32
0,61634.59,0.67,0.3,0.5,0.01,-0.37,0.2,-0.49
0,74281.66,0.74,1.84,0.66,0.96,1.1,-1.18,0.3
0,63729.89,0.73,0.99,1.53,0.52,0.26,0.54,-1.01
0,34195.08,1.56,0.79,1.86,1.53,-0.77,1.07,-0.33
0,15648.28,2.44,0.49,1.6,0.18,-1.95,1.11,-1.42
0,4510.57,2.16,0.43,1.37,1.85,-1.73,0.94,0.48
0,70618.15,0.42,1.8,1.68,0.31,1.38,-0.12,-1.37
0,58327.67,1.68,2.42,1.43,1.97,0.74,-0.99,0.54
0,16851.82,1.94,1.13,1.5,1.63,-0.81,0.37,0.13
0,17836.35,0.67,1.55,0.86,1.14,0.88,-0.69,0.28
0,74739.43,1.12,1.25,1.92,0.92,0.13,0.67,-1.0
0,10502.21,2.47,0.81,0.31,0.51,-1.66,-0.5,0.2
0,41785.36,0.53,1.45,0.26,1.12,0.92,-1.19,0.86
0,36738.77,0.44,2.02,1.58,2.41,1.58,-0.44,0.83
0,70747.08,0.68,0.71,0.86,0.62,0.03,0.15,-0.24
0,51219.78,1.05,1.06,1.52,0.71,0.01,0.46,-0.81
0,14533.69,1.83,1.39,2.17,0.55,-0.44,0.78,-1.62
0,40796.22,0.51,0.25,1.6,1.18,-0.26,1.35,-0.42
0,79697.7,2.34,0.73,1.13,0.68,-1.61,0.4,-0.45
0,55772.01,1.16,0.35,1.08,2.25,-0.81,0.73,1.17
0,5994.43,0.99,1.53,0.62,0.07,0.54,-0.91,-0.55
0,42743.96,0.87,0.75,1.2,1.09,-0.12,0.45,-0.11
0,17527.3,2.17,1.19,2.09,1.41,-0.98,0.9,-0.68
0,10488.21,1.97,0.91,1.71,2.06,-1.06,0.8,0.35
0,43505.73,0.63,0.94,1.4,2.35,0.31,0.46,0.95
0,74623.8,0.62,1.39,1.42,0.96,0.77,0.03,-0.46
0,68599.72,2.32,1.13,1.13,0.35,-1.19,0.0,-0.78
0,3176.2,0.61,2.15,2.25,0.13,1.54,0.1,-2.12
0,19343.95,0.27,1.53,2.25,1.54,1.26,0.72,-0.71
0,32875.85,0.01,0.44,1.39,2.16,0.43,0.95,0.77
0,13143.01,0.47,0.43,0.24,0.04,-0.04,-0.19,-0.2
0,71711.03,1.12,2.25,1.95,1.39,1.13,-0.3,-0.56
0,27222.4,1.54,1.82,0.84,1.32,0.28,-0.98,0.48
0,42517.74,0.91,0.02,0.42,0.22,-0.89,0.4,-0.2
0,57674.11,2.3,0.62,2.41,0.79,-1.68,1.79,-1.62
0,37691.26,1.35,2.44,2.08,1.95,1.09,-0.36,-0.13
0,46522.79,1.24,0.31,1.64,1.07,-0.93,1.33,-0.57
0,45007.02,1.54,2.36,2.39,1.84,0.82,0.03,-0.55
0,78192.07,0.31,2.43,1.35,2.14,2.12,-1.08,0.79
0,1100.86,0.58,1.5,0.1,2.14,0.92,-1.4,2.04
0,70780.21,1.7,1.79,1.39,0.34,0.09,-0.4,-1.05
0,31991.2,1.89,0.18,2.47,2.31,-1.71,2.29,-0.16
0,6279.86,1.1,1.2,0.35,0.7,0.1,-0.85,0.35
1,41435.73,1.63,0.08,0.49,1.17,-1.55,0.41,0.68
0,40753.77,1.5,2.08,0.67,0.09,0.58,-1.41,-0.58
0,8851.69,1.88,0.54,1.57,0.05,-1.34,1.03,-1.52
0,14098.9,2.36,2.32,2.0,1.16,-0.04,-0.32,-0.84
0,5659.76,0.04,0.9,1.26,0.88,0.86,0.36,-0.38
0,40025.36,0.72,1.51,2.32,2.11,0.79,0.81,-0.21
0,79958.44,0.35,0.02,1.02,2.44,-0.33,1.0,1.42
0,79877.74,0.53,1.49,2.2,1.29,0.96,0.71,-0.91
0,50786.24,2.2,2.45,2.07,2.26,0.25,-0.38,0.19
0,71879.91,2.19,1.4,1.86,2.5,-0.79,0.46,0.64
0,47973.55,1.92,2.25,1.85,0.93,0.33,-0.4,-0.92
0,71595.75,1.17,1.13,0.29,2.49,-0.04,-0.84,2.2
0,56474.76,0.66,1.26,0.8,1.55,0.6,-0.46,0.75
0,31727.93,1.49,1.7,0.82,0.46,0.21,-0.88,-0.36
0,2555.95,1.64,0.5,0.97,2.43,-1.14,0.47,1.46
0,27927.22,1.28,1.33,1.05,2.23,0.05,-0.28,1.18
0,52622.2,2.38,0.21,0.01,2.07,-2.17,-0.2,2.06
0,43322.08,1.26,0.08,1.3,2.35,-1.18,1.22,1.05
0,15808.93,0.29,2.09,2.5,0.81,1.8,0.41,-1.69
0,5744.57,0.94,2.39,1.18,2.46,1.45,-1.21,1.28
0,31320.83,2.08,1.02,1.97,1.2,-1.06,0.95,-0.77
0,76111.67,0.3,0.1,0.41,1.23,-0.2,0.31,0.82
0,4558.64,1.12,0.62,0.69,0.65,-0.5,0.07,-0.04
0,52785.67,1.08,0.04,0.77,0.53,-1.04,0.73,-0.24
0,63743.52,0.77,0.6,0.55,1.13,-0.17,-0.05,0.58
0,75073.13,0.44,1.95,1.1,2.48,1.51,-0.85,1.38
0,49787.91,0.86,0.35,1.84,0.94,-0.51,1.49,-0.9
0,33781.22,0.18,0.88,0.92,2.47,0.7,0.04,1.55
0,51061.73,2.1,0.61,1.13,0.6,-1.49,0.52,-0.53
0,66040.89,1.57,0.44,2.5,1.05,-1.13,2.06,-1.45
0,28139.59,0.43,1.32,0.91,0.1,0.89,-0.41,-0.81
0,13293.72,1.69,1.27,2.44,1.08,-0.42,1.17,-1.36
0,58854.6,0.96,0.21,0.49,1.67,-0.75,0.28,1.18
0,65165.69,1.72,1.1,0.76,1.05,-0.62,-0.34,0.29
0,41908.87,0.81,2.27,1.68,0.81,1.46,-0.59,-0.87
0,45692.23,2.14,0.47,0.62,0.01,-1.67,0.15,-0.61
0,7791.39,0.64,0.92,0.16,1.3,0.28,-0.76,1.14
0,22991.05,1.87,0.62,0.68,0.35,-1.25,0.06,-0.33
0,61178.74,2.08,0.53,0.1,1.05,-1.55,-0.43,0.95
0,71194.8,1.9,1.82,2.24,1.37,-0.08,0.42,-0.87
0,16785.5,0.03,2.41,2.0,0.19,2.38,-0.41,-1.81
1,41446.15,1.61,0.05,0.53,2.24,-1.56,0.48,1.71
0,51740.99,2.15,1.14,0.7,0.71,-1.01,-0.44,0.01
0,37550.27,1.86,1.44,1.75,1.53,-0.42,0.31,-0.22
0,77343.13,0.27,0.52,1.15,1.49,0.25,0.63,0.34
0,17785.58,1.47,2.25,2.22,0.93,0.78,-0.03,-1.29
0,55190.8,1.52,0.66,0.24,1.11,-0.86,-0.42,0.87
0,23101.52,1.25,0.17,2.03,0.0,-1.08,1.86,-2.03
1,57484.39,1.45,0.16,1.26,0.81,-1.29,1.1,-0.45
0,53986.9,0.11,0.15,1.48,1.86,0.04,1.33,0.38
0,69813.37,0.13,0.85,1.75,0.4,0.72,0.9,-1.35
0,9845.56,1.34,0.52,1.8,0.73,-0.82,1.28,-1.07
0,33151.63,1.64,0.42,0.28,2.44,-1.22,-0.14,2.16
0,42765.21,0.24,1.67,2.34,0.06,1.43,0.67,-2.28
0,59159.89,0.38,0.93,1.36,0.11,0.55,0.43,-1.25
0,30481.13,1.62,2.22,2.38,1.75,0.6,0.16,-0.63
0,43090.17,0.16,0.63,1.76,0.57,0.47,1.13,-1.19
0,66768.53,2.39,2.46,0.4,1.87,0.07,-2.06,1.47
0,58257.46,0.57,1.08,1.03,1.61,0.51,-0.05,0.58
0,14603.3,0.23,0.94,2.49,2.1,0.71,1.55,-0.39
0,1437.27,0.03,1.15,2.48,0.93,1.12,1.33,-1.55
0,70979.93,0.16,1.15,0.87,0.48,0.99,-0.28,-0.39
0,56896.26,0.91,0.2,1.8,0.28,-0.71,1.6,-1.52
0,10776.17,0.08,2.19,0.97,2.33,2.11,-1.22,1.36
0,71394.97,1.82,0.63,1.65,1.22,-1.19,1.02,-0.43
0,2938.68,2.42,0.21,2.42,1.94,-2.21,2.21,-0.48
0,29999.92,0.59,0.31,1.8,0.0,-0.28,1.49,-1.8
1,72575.1,2.15,2.04,0.0,1.6,-0.11,-2.04,1.6
0,36296.59,1.46,0.97,1.41,0.64,-0.49,0.44,-0.77
0,53840.7,0.74,0.97,1.79,0.43,0.23,0.82,-1.36
0,44510.55,2.32,1.19,1.87,0.65,-1.13,0.68,-1.22
0,49785.55,0.69,0.07,1.86,0.39,-0.62,1.79,-1.47
0,75013.2,0.49,1.58,1.94,0.46,1.09,0.36,-1.48
0,1320.68,2.49,1.97,0.07,1.78,-0.52,-1.9,1.71
0,37719.97,1.49,2.43,0.65,2.5,0.94,-1.78,1.85
0,53732.92,1.17,1.42,1.92,1.16,0.25,0.5,-0.76
0,62607.96,1.44,0.57,0.97,1.56,-0.87,0.4,0.59
0,70804.99,0.57,2.38,1.92,2.23,1.81,-0.46,0.31
1,11736.28,1.25,2.42,0.16,2.34,1.17,-2.26,2.18
0,44470.17,0.54,2.1,2.42,1.7,1.56,0.32,-0.72
0,30956.25,1.66,0.53,0.98,0.57,-1.13,0.45,-0.41
0,39428.42,0.27,0.1,1.91,1.7,-0.17,1.81,-0.21
0,65712.25,1.58,2.43,0.02,2.42,0.85,-2.41,2.4
0,46662.23,0.54,0.27,2.15,2.03,-0.27,1.88,-0.12
0,35151.68,1.51,0.97,0.9,2.47,-0.54,-0.07,1.57
0,64077.04,0.39,1.15,0.25,0.19,0.76,-0.9,-0.06
0,49174.31,0.86,2.0,1.66,2.09,1.14,-0.34,0.43
0,76445.09,2.35,0.18,0.76,1.99,-2.17,0.58,1.23
0,47712.07,0.0,0.7,0.59,1.98,0.7,-0.11,1.39
0,72197.83,0.55,1.92,1.31,0.33,1.37,-0.61,-0.98
0,14356.84,0.01,2.04,1.35,0.98,2.03,-0.69,-0.37
0,10920.37,1.99,0.41,1.68,0.0,-1.58,1.27,-1.68
0,10911.28,0.63,1.88,2.27,1.08,1.25,0.39,-1.19
0,39537.46,2.26,0.24,1.63,0.05,-2.02,1.39,-1.58
0,65540.33,0.49,1.66,2.34,2.12,1.17,0.68,-0.22
0,62293.07,0.09,2.39,1.09,2.15,2.3,-1.3,1.06
0,41992.22,0.39,1.22,0.98,1.88,0.83,-0.24,0.9
0,56989.03,2.4,2.35,1.08,0.03,-0.05,-1.27,-1.05
0,72622.8,0.98,2.09,1.63,2.45,1.11,-0.46,0.82
0,15267.63,0.21,2.34,0.96,0.74,2.13,-1.38,-0.22
0,72825.25,0.8,1.59,1.85,2.18,0.79,0.26,0.33
0,46682.37,0.08,2.1,2.38,1.51,2.02,0.28,-0.87
0,29265.68,0.69,0.05,0.46,2.36,-0.64,0.41,1.9
0,57604.39,0.71,0.45,0.23,0.04,-0.26,-0.22,-0.19
0,2874.65,0.58,2.31,2.41,0.22,1.73,0.1,-2.19
0,50433.97,1.18,2.43,1.27,1.31,1.25,-1.16,0.04
0,31800.1,2.33,2.42,0.37,0.68,0.09,-2.05,0.31
0,44717.25,0.93,1.39,2.29,0.29,0.46,0.9,-2.0
0,59082.76,1.21,1.5,1.86,0.77,0.29,0.36,-1.09
0,28437.78,0.11,1.16,2.05,1.9,1.05,0.89,-0.15
0,56720.01,1.12,2.14,1.91,1.73,1.02,-0.23,-0.18
0,53200.83,1.36,1.52,1.49,2.43,0.16,-0.03,0.94
0,74272.42,2.13,0.65,0.61,0.62,-1.48,-0.04,0.01
0,78566.67,1.43,1.03,0.78,2.18,-0.4,-0.25,1.4
0,15916.24,2.07,1.17,2.0,2.25,-0.9,0.83,0.25
0,60232.87,0.06,0.11,0.42,2.18,0.05,0.31,1.76
0,55166.21,1.29,0.87,2.45,0.21,-0.42,1.58,-2.24
0,2169.49,2.5,2.16,0.59,0.54,-0.34,-1.57,-0.05
0,18250.77,0.46,0.67,2.03,1.6,0.21,1.36,-0.43
0,47640.47,1.42,0.02,0.57,2.15,-1.4,0.55,1.58
0,38540.5,0.62,0.97,2.48,2.02,0.35,1.51,-0.46
0,69911.84,0.0,1.06,2.2,0.52,1.06,1.14,-1.68
0,29295.63,1.16,0.38,1.24,1.39,-0.78,0.86,0.15
0,5212.55,1.88,1.11,0.37,1.03,-0.77,-0.74,0.66
0,34574.22,0.68,0.8,0.91,1.69,0.12,0.11,0.78
0,70255.32,1.84,1.43,2.04,0.05,-0.41,0.61,-1.99
0,24893.27,0.47,0.65,1.93,1.12,0.18,1.28,-0.81
0,77131.19,0.72,1.35,2.06,1.97,0.63,0.71,-0.09
0,66061.97,1.35,0.21,1.3,2.08,-1.14,1.09,0.78
1,70430.2,0.6,1.91,0.06,1.6,1.31,-1.85,1.54
0,30285.61,0.17,0.36,1.35,1.83,0.19,0.99,0.48
0,74079.98,0.77,1.81,1.18,0.72,1.04,-0.63,-0.46
0,78647.04,1.9,1.53,2.07,1.5,-0.37,0.54,-0.57
1,77396.55,0.65,1.11,0.19,2.1,0.46,-0.92,1.91
0,29355.8,1.49,0.09,1.58,2.25,-1.4,1.49,0.67
0,9638.17,1.29,0.71,0.38,0.52,-0.58,-0.33,0.14
0,36493.85,0.39,2.48,1.49,0.54,2.09,-0.99,-0.95
0,69613.28,1.8,1.35,0.52,0.31,-0.45,-0.83,-0.21
1,72149.71,1.36,0.1,0.28,2.24,-1.26,0.18,1.96
0,59045.83,1.88,1.2,0.91,1.81,-0.68,-0.29,0.9
0,53082.5,2.11,0.46,0.78,1.22,-1.65,0.32,0.44
0,54463.54,0.71,0.58,0.12,0.46,-0.13,-0.46,0.34
0,9214.83,1.99,0.06,1.89,0.29,-1.93,1.83,-1.6
1,61999.53,1.51,0.17,2.17,1.47,-1.34,2.0,-0.7
0,49191.17,0.42,0.46,0.76,0.05,0.04,0.3,-0.71
0,26444.0,2.4,1.51,0.32,1.24,-0.89,-1.19,0.92
0,73555.85,0.11,0.67,0.99,0.67,0.56,0.32,-0.32
0,60060.79,0.94,0.37,0.86,0.24,-0.57,0.49,-0.62
0,32631.68,0.77,0.58,1.42,2.4,-0.19,0.84,0.98
0,13141.74,1.18,0.25,1.26,0.12,-0.93,1.01,-1.14
0,61966.6,2.37,0.11,0.84,2.16,-2.26,0.73,1.32
0,13466.26,1.66,1.42,0.81,0.23,-0.24,-0.61,-0.58
0,67764.7,1.93,0.15,1.47,0.09,-1.78,1.32,-1.38
0,6240.06,1.13,1.97,0.22,1.13,0.84,-1.75,0.91
0,14021.76,0.47,0.68,1.94,1.46,0.21,1.26,-0.48
0,52036.74,1.45,0.56,1.95,1.42,-0.89,1.39,-0.53
0,52649.08,1.89,1.46,0.56,1.95,-0.43,-0.9,1.39
0,50417.31,1.81,1.37,1.38,0.4,-0.44,0.01,-0.98
0,60762.68,1.27,1.31,2.28,1.62,0.04,0.97,-0.66
0,11560.56,1.88,0.54,1.64,2.11,-1.34,1.1,0.47
1,52427.7,1.08,0.01,0.65,0.95,-1.07,0.64,0.3
0,45702.06,0.56,2.21,0.81,0.2,1.65,-1.4,-0.61
0,30926.7,2.14,1.19,1.89,1.15,-0.95,0.7,-0.74
0,69812.03,0.93,2.05,1.53,0.37,1.12,-0.52,-1.16
0,51599.41,1.02,0.9,0.91,1.69,-0.12,0.01,0.78
0,76785.85,1.76,0.86,0.14,1.41,-0.9,-0.72,1.27
0,55411.13,0.3,0.93,0.08,0.89,0.63,-0.85,0.81
0,11328.49,1.02,2.43,0.55,1.43,1.41,-1.88,0.88
0,76646.49,1.4,0.13,1.64,1.02,-1.27,1.51,-0.62
0,42903.35,1.74,0.42,2.12,1.92,-1.32,1.7,-0.2
0,67186.06,1.42,1.06,2.11,1.72,-0.36,1.05,-0.39
0,78723.2,0.27,2.19,0.12,0.11,1.92,-2.07,-0.01
0,57525.4,1.39,1.48,1.36,1.47,0.09,-0.12,0.11
0,69749.05,0.01,0.62,1.49,1.14,0.61,0.87,-0.35
0,55472.86,2.06,0.65,2.24,2.2,-1.41,1.59,-0.04
0,4501.53,1.14,1.08,2.26,1.47,-0.06,1.18,-0.79
1,48284.17,1.87,0.28,0.07,0.76,-1.59,-0.21,0.69
0,40537.23,1.7,2.15,2.18,0.4,0.45,0.03,-1.78
0,65318.46,1.3,1.24,0.48,0.16,-0.06,-0.76,-0.32
0,71158.81,0.78,1.64,2.23,0.65,0.86,0.59,-1.58
0,79490.34,1.1,1.43,0.96,1.81,0.33,-0.47,0.85
0,43126.45,0.39,0.79,2.12,1.53,0.4,1.33,-0.59
0,77826.9,1.02,1.54,0.21,1.96,0.52,-1.33,1.75
0,19303.95,2.35,2.39,0.62,0.17,0.04,-1.77,-0.45
0,5130.09,0.51,0.53,2.12,0.11,0.02,1.59,-2.01
1,33857.64,1.07,0.03,1.68,0.65,-1.04,1.65,-1.03
1,59043.85,1.65,0.41,0.07,0.89,-1.24,-0.34,0.82
0,70632.12,2.29,0.74,1.12,1.13,-1.55,0.38,0.01
0,37729.62,0.49,1.68,0.24,2.37,1.19,-1.44,2.13
0,8937.55,0.96,2.44,0.73,2.19,1.48,-1.71,1.46
0,47381.55,1.56,1.49,0.21,1.54,-0.07,-1.28,1.33
0,24007.6,0.97,1.59,1.45,2.47,0.62,-0.14,1.02
0,69539.98,2.26,2.22,1.11,1.99,-0.04,-1.11,0.88
0,74446.37,1.84,0.76,2.28,1.61,-1.08,1.52,-0.67
0,61140.22,0.46,2.4,1.89,1.73,1.94,-0.51,-0.16
0,65567.59,0.2,1.56,2.08,0.77,1.36,0.52,-1.31
0,44702.85,0.13,1.24,0.38,0.83,1.11,-0.86,0.45
0,2734.36,1.64,1.55,1.9,1.62,-0.09,0.35,-0.28
0,67761.11,0.95,1.9,1.4,0.85,0.95,-0.5,-0.55
0,70312.26,0.63,0.76,1.69,0.74,0.13,0.93,-0.95
0,67580.11,0.58,1.09,1.94,0.65,0.51,0.85,-1.29
0,21872.97,1.67,1.94,2.47,0.61,0.27,0.53,-1.86
0,76208.13,2.17,2.24,1.85,0.63,0.07,-0.39,-1.22
0,48364.54,1.57,1.34,2.32,1.55,-0.23,0.98,-0.77
0,36366.42,0.45,2.44,2.21,0.96,1.99,-0.23,-1.25
0,38686.85,1.41,1.53,2.22,1.56,0.12,0.69,-0.66
0,28216.68,1.52,0.27,1.56,1.05,-1.25,1.29,-0.51
0,53674.3,1.57,0.82,0.27,1.0,-0.75,-0.55,0.73
0,16062.14,0.26,2.04,2.39,0.8,1.78,0.35,-1.59
0,7531.79,0.58,0.38,0.83,1.1,-0.2,0.45,0.27
0,44670.7,0.79,1.01,2.16,0.83,0.22,1.15,-1.33
0,65670.45,0.65,2.03,2.21,1.85,1.38,0.18,-0.36
0,49720.82,1.74,1.28,1.27,0.67,-0.46,-0.01,-0.6
0,32055.49,2.25,0.99,1.48,1.19,-1.26,0.49,-0.29
0,20660.32,2.33,1.12,0.19,1.01,-1.21,-0.93,0.82
0,51707.48,0.91,0.67,2.42,0.45,-0.24,1.75,-1.97
0,44441.53,0.99,0.82,0.57,0.41,-0.17,-0.25,-0.16
0,63725.68,0.06,1.15,0.98,1.69,1.09,-0.17,0.71
0,63152.28,2.04,0.45,1.91,0.06,-1.59,1.46,-1.85
0,79968.76,1.4,0.62,0.64,0.76,-0.78,0.02,0.12
0,67742.32,2.18,1.26,1.47,1.62,-0.92,0.21,0.15
0,50089.17,1.29,2.28,1.35,1.96,0.99,-0.93,0.61
0,32640.72,1.36,1.66,0.58,1.03,0.3,-1.08,0.45
0,75449.25,2.47,2.49,1.63,0.95,0.02,-0.86,-0.68
0,75297.52,1.29,2.17,0.74,0.17,0.88,-1.43,-0.57
0,49508.55,0.03,0.53,0.44,2.32,0.5,-0.09,1.88
0,6449.13,1.14,1.18,1.04,0.55,0.04,-0.14,-0.49
0,54270.95,0.05,1.79,1.11,0.63,1.74,-0.68,-0.48
0,50588.84,0.22,1.41,0.71,1.81,1.19,-0.7,1.1
0,46278.24,2.23,1.25,1.17,0.4,-0.98,-0.08,-0.77
0,54620.33,0.49,2.28,2.35,1.56,1.79,0.07,-0.79
0,29259.73,2.36,1.16,1.32,0.75,-1.2,0.16,-0.57
0,58164.12,2.28,1.8,1.37,0.28,-0.48,-0.43,-1.09
0,41695.89,1.67,2.26,2.1,1.43,0.59,-0.16,-0.67
0,65177.63,1.11,1.17,1.05,0.62,0.06,-0.12,-0.43
0,57105.22,1.66,1.74,1.51,0.62,0.08,-0.23,-0.89
0,17949.1,0.35,1.12,1.41,0.35,0.77,0.29,-1.06
0,33396.45,1.85,1.99,1.64,1.52,0.14,-0.35,-0.12
0,35595.77,2.26,2.26,2.32,0.17,0.0,0.06,-2.15
0,29575.99,1.88,0.76,1.98,1.82,-1.12,1.22,-0.16
0,61558.13,0.32,1.01,1.78,1.22,0.69,0.77,-0.56
0,24320.31,0.28,0.74,2.4,2.3,0.46,1.66,-0.1
0,51951.13,0.37,0.94,0.06,1.93,0.57,-0.88,1.87
0,63938.79,0.55,0.01,1.31,1.01,-0.54,1.3,-0.3
0,52683.24,1.8,0.98,0.8,1.02,-0.82,-0.18,0.22
0,23958.72,1.69,1.24,0.39,1.16,-0.45,-0.85,0.77
0,66835.09,0.54,2.3,1.41,0.89,1.76,-0.89,-0.52
0,26159.65,1.4,0.84,0.42,2.34,-0.56,-0.42,1.92
1,62485.87,1.87,0.89,0.19,0.8,-0.98,-0.7,0.61
0,58812.99,1.56,1.04,1.06,0.1,-0.52,0.02,-0.96
0,77937.4,0.49,1.32,1.21,1.48,0.83,-0.11,0.27
0,76631.44,0.16,1.06,1.73,0.12,0.9,0.67,-1.61
0,4065.37,1.66,0.89,0.58,0.29,-0.77,-0.31,-0.29
0,14736.96,2.15,0.5,2.37,1.97,-1.65,1.87,-0.4
1,74998.47,0.75,1.84,0.07,1.51,1.09,-1.77,1.44
0,72310.21,2.42,0.98,1.98,1.68,-1.44,1.0,-0.3
0,68842.41,0.32,1.87,2.24,0.51,1.55,0.37,-1.73
0,28609.75,1.51,0.7,0.25,2.46,-0.81,-0.45,2.21
0,40301.5,1.12,1.95,1.99,2.11,0.83,0.04,0.12
0,64351.09,0.47,0.86,0.97,1.7,0.39,0.11,0.73
0,10867.83,0.25,1.15,2.13,1.9,0.9,0.98,-0.23
0,61204.43,1.9,1.84,0.9,0.58,-0.06,-0.94,-0.32
0,77445.83,1.77,1.54,0.11,2.36,-0.23,-1.43,2.25
0,72658.02,1.83,0.33,0.04,0.19,-1.5,-0.29,0.15
1,51359.95,1.67,0.76,0.12,1.06,-0.91,-0.64,0.94
0,18093.44,0.41,0.97,1.64,1.87,0.56,0.67,0.23
0,44177.72,0.92,0.77,0.68,0.92,-0.15,-0.09,0.24
0,64200.82,1.22,0.32,1.65,2.01,-0.9,1.33,0.36
0,39234.33,1.51,0.58,0.93,1.62,-0.93,0.35,0.69
0,68204.41,0.36,0.71,0.75,1.27,0.35,0.04,0.52
0,25704.23,0.07,1.34,0.84,0.44,1.27,-0.5,-0.4
0,2315.65,1.85,1.99,1.5,2.12,0.14,-0.49,0.62
0,53854.51,2.1,0.64,2.43,0.82,-1.46,1.79,-1.61
0,53390.09,0.59,0.25,1.97,2.14,-0.34,1.72,0.17
0,16115.91,2.33,0.31,0.11,0.09,-2.02,-0.2,-0.02
0,48087.48,2.28,1.09,1.73,1.75,-1.19,0.64,0.02
0,26430.07,1.09,1.7,0.42,2.03,0.61,-1.28,1.61
1,19017.04,1.08,0.18,0.56,0.61,-0.9,0.38,0.05
1,1664.42,2.32,0.11,0.72,1.23,-2.21,0.61,0.51
0,54962.0,1.25,0.31,0.44,0.44,-0.94,0.13,0.0
0,15521.96,1.52,2.39,0.98,0.83,0.87,-1.41,-0.15
0,4052.97,0.37,2.15,0.53,1.09,1.78,-1.62,0.56
0,49501.84,2.15,0.81,2.2,1.36,-1.34,1.39,-0.84
0,3881.94,0.16,1.54,0.25,0.12,1.38,-1.29,-0.13
0,10003.12,1.98,1.82,1.43,1.53,-0.16,-0.39,0.1
0,53102.64,0.53,0.84,2.23,2.11,0.31,1.39,-0.12
0,53722.09,2.38,1.42,1.34,0.23,-0.96,-0.08,-1.11
0,63641.75,1.21,0.2,0.82,1.28,-1.01,0.62,0.46
0,21513.88,0.88,1.71,1.92,1.26,0.83,0.21,-0.66
0,42723.07,0.15,0.66,1.73,1.36,0.51,1.07,-0.37
0,48879.95,0.62,0.81,0.17,2.07,0.19,-0.64,1.9
0,57217.62,0.05,1.82,0.49,1.79,1.77,-1.33,1.3
0,58743.59,0.52,1.15,0.37,1.02,0.63,-0.78,0.65
0,79671.1,1.76,1.25,2.09,0.09,-0.51,0.84,-2.0
0,54946.16,0.64,0.69,0.05,1.14,0.05,-0.64,1.09
0,16036.95,0.47,1.31,1.45,1.9,0.84,0.14,0.45
0,25475.08,1.7,1.99,1.22,1.02,0.29,-0.77,-0.2
0,33681.56,1.94,0.18,1.88,1.16,-1.76,1.7,-0.72
0,75775.96,2.29,2.33,0.03,0.14,0.04,-2.3,0.11
1,43718.45,1.07,0.06,2.08,0.81,-1.01,2.02,-1.27
1,15604.73,1.45,2.25,0.11,1.17,0.8,-2.14,1.06
0,69225.09,1.18,2.1,1.39,0.52,0.92,-0.71,-0.87
0,23564.56,0.26,1.38,1.13,0.12,1.12,-0.25,-1.01
0,24513.12,1.95,1.58,0.31,1.98,-0.37,-1.27,1.67
0,1560.88,2.3,2.18,0.78,1.17,-0.12,-1.4,0.39
0,78885.45,1.02,2.18,1.69,1.17,1.16,-0.49,-0.52
0,56097.15,0.65,0.5,1.25,0.1,-0.15,0.75,-1.15
0,28725.78,0.07,0.03,1.73,2.42,-0.04,1.7,0.69
0,54085.69,1.38,1.37,0.25,0.27,-0.01,-1.12,0.02
0,53889.39,1.46,0.95,0.58,2.25,-0.51,-0.37,1.67
0,40401.74,0.59,0.18,0.64,2.1,-0.41,0.46,1.46
0,15243.31,1.79,1.69,1.14,1.61,-0.1,-0.55,0.47
0,50687.55,2.35,1.7,0.8,1.83,-0.65,-0.9,1.03
0,28614.01,1.55,2.34,2.0,0.25,0.79,-0.34,-1.75
0,44173.19,1.57,1.03,2.09,2.23,-0.54,1.06,0.14
0,51995.45,0.06,1.25,1.86,1.41,1.19,0.61,-0.45
0,79869.91,2.26,0.92,2.14,2.14,-1.34,1.22,0.0
0,62692.4,1.65,0.18,0.63,0.75,-1.47,0.45,0.12
0,15884.2,2.37,1.74,1.71,1.4,-0.63,-0.03,-0.31
0,55869.12,1.81,1.42,0.61,0.26,-0.39,-0.81,-0.35
0,76352.13,2.07,0.13,0.59,1.17,-1.94,0.46,0.58
0,2932.47,2.04,1.07,0.26,2.21,-0.97,-0.81,1.95
0,44721.65,0.35,0.14,0.99,0.6,-0.21,0.85,-0.39
0,11852.52,0.84,0.26,1.59,1.05,-0.58,1.33,-0.54
0,9308.55,0.74,0.96,0.37,0.57,0.22,-0.59,0.2
0,54116.79,0.72,0.45,2.15,1.77,-0.27,1.7,-0.38
1,37862.6,2.0,0.22,0.08,2.08,-1.78,-0.14,2.0
0,57727.35,0.68,0.01,0.72,1.38,-0.67,0.71,0.66
0,41679.32,1.87,1.39,1.54,1.04,-0.48,0.15,-0.5
0,1006.11,1.5,0.72,0.19,1.48,-0.78,-0.53,1.29
0,53610.7,0.03,2.18,1.21,0.89,2.15,-0.97,-0.32
0,35478.54,2.09,1.57,2.03,0.07,-0.52,0.46,-1.96
0,57078.2,2.36,0.79,2.05,1.23,-1.57,1.26,-0.82
0,43202.97,1.22,0.82,1.63,0.92,-0.4,0.81,-0.71
0,44743.51,1.71,1.83,0.67,0.62,0.12,-1.16,-0.05
0,1245.36,0.08,0.96,0.54,0.09,0.88,-0.42,-0.45
0,30839.4,1.63,0.13,2.41,1.75,-1.5,2.28,-0.66
0,69733.22,0.13,0.46,2.04,0.79,0.33,1.58,-1.25
0,41575.53,0.39,2.37,2.4,1.51,1.98,0.03,-0.89
0,62962.36,1.31,0.2,0.14,2.39,-1.11,-0.06,2.25
0,60316.37,0.44,1.31,1.3,1.5,0.87,-0.01,0.2
0,14088.92,0.97,0.64,0.3,0.99,-0.33,-0.34,0.69
0,70385.19,1.59,0.92,1.99,0.73,-0.67,1.07,-1.26
0,30465.18,0.48,1.71,1.65,1.28,1.23,-0.06,-0.37
0,56622.72,1.05,0.77,2.38,1.85,-0.28,1.61,-0.53
0,22169.25,1.45,1.23,0.51,1.59,-0.22,-0.72,1.08
0,11226.03,0.06,2.1,1.04,1.78,2.04,-1.06,0.74
0,71381.65,0.19,1.21,0.2,2.29,1.02,-1.01,2.09
0,59394.32,2.19,0.44,2.34,0.83,-1.75,1.9,-1.51
0,56414.38,0.06,2.03,1.99,2.09,1.97,-0.04,0.1
0,65948.38,1.49,0.33,0.87,0.95,-1.16,0.54,0.08
0,47975.39,2.38,1.57,1.68,0.35,-0.81,0.11,-1.33
0,63655.82,2.37,0.57,0.83,0.19,-1.8,0.26,-0.64
0,61076.82,0.58,0.47,2.28,1.91,-0.11,1.81,-0.37
0,14548.77,1.09,1.42,0.27,0.48,0.33,-1.15,0.21
0,7563.52,0.77,0.71,2.1,0.29,-0.06,1.39,-1.81
0,64063.84,1.08,1.16,0.31,0.93,0.08,-0.85,0.62
1,14684.89,2.35,0.12,1.3,1.22,-2.23,1.18,-0.08
0,46027.46,1.31,0.97,1.55,1.59,-0.34,0.58,0.04
0,71513.9,1.75,1.93,0.76,1.68,0.18,-1.17,0.92
0,40908.8,1.55,0.33,1.49,1.39,-1.22,1.16,-0.1
0,29350.42,0.48,0.52,1.84,1.04,0.04,1.32,-0.8
0,55374.1,1.84,1.97,0.81,2.33,0.13,-1.16,1.52
0,51723.96,1.27,1.16,1.32,1.97,-0.11,0.16,0.65
0,38051.37,0.5,1.1,1.62,0.29,0.6,0.52,-1.33
0,69853.79,0.16,0.58,1.87,0.26,0.42,1.29,-1.61
0,11412.23,2.15,2.02,1.46,1.0,-0.13,-0.56,-0.46
0,5148.18,1.26,2.26,2.22,1.56,1.0,-0.04,-0.66
0,50416.53,1.1,1.06,2.08,0.48,-0.04,1.02,-1.6
0,33896.46,2.39,0.59,1.79,1.55,-1.8,1.2,-0.24
0,33732.86,1.67,0.11,1.57,0.3,-1.56,1.46,-1.27
0,16283.98,0.89,1.6,2.03,0.88,0.71,0.43,-1.15
0,62125.01,2.12,0.83,2.34,0.13,-1.29,1.51,-2.21
0,24659.85,1.04,0.25,2.16,0.39,-0.79,1.91,-1.77
0,56894.1,1.66,2.15,1.94,0.19,0.49,-0.21,-1.75
0,56199.2,1.84,1.04,1.15,1.09,-0.8,0.11,-0.06
0,36640.78,2.25,0.61,2.49,1.61,-1.64,1.88,-0.88
0,10397.97,0.08,0.17,1.0,0.93,0.09,0.83,-0.07
0,54444.71,0.33,0.44,0.56,2.47,0.11,0.12,1.91
1,14432.81,1.39,0.11,2.24,0.63,-1.28,2.13,-1.61
0,31520.71,2.25,0.46,2.0,0.71,-1.79,1.54,-1.29
0,67593.91,1.97,1.39,2.45,0.08,-0.58,1.06,-2.37
1,26789.83,0.74,0.15,0.56,2.22,-0.59,0.41,1.66
0,61279.65,2.21,0.95,1.03,1.24,-1.26,0.08,0.21
0,75248.51,1.44,0.81,0.98,2.34,-0.63,0.17,1.36
0,12106.14,2.23,0.52,1.79,1.88,-1.71,1.27,0.09
0,22754.46,0.59,1.64,1.08,0.11,1.05,-0.56,-0.97
0,78490.87,2.12,1.73,1.26,1.2,-0.39,-0.47,-0.06
0,20919.62,1.71,2.27,2.48,1.52,0.56,0.21,-0.96
0,25674.44,1.22,1.71,2.4,1.42,0.49,0.69,-0.98
0,61048.43,0.57,0.32,1.9,0.76,-0.25,1.58,-1.14
0,16625.28,0.99,2.23,1.68,2.27,1.24,-0.55,0.59
0,19347.17,0.29,2.11,0.2,1.85,1.82,-1.91,1.65
0,35152.19,0.2,0.61,0.05,1.27,0.41,-0.56,1.22
0,45816.2,0.92,0.74,0.7,1.26,-0.18,-0.04,0.56
0,7027.25,2.08,2.4,1.3,1.69,0.32,-1.1,0.39
0,69997.81,2.18,0.52,0.25,1.68,-1.66,-0.27,1.43
0,52895.7,0.91,1.86,0.35,1.71,0.95,-1.51,1.36
0,27601.36,2.43,2.48,0.44,0.68,0.05,-2.04,0.24
1,57534.15,0.89,0.1,1.24,2.2,-0.79,1.14,0.96
0,21544.02,1.82,0.63,1.68,1.1,-1.19,1.05,-0.58
0,60140.58,1.75,1.66,0.94,2.09,-0.09,-0.72,1.15
1,23276.14,0.7,0.46,0.19,0.6,-0.24,-0.27,0.41
0,61593.89,0.35,2.01,0.82,0.07,1.66,-1.19,-0.75
0,22667.94,2.28,2.47,1.53,1.29,0.19,-0.94,-0.24
0,45016.19,0.31,1.31,1.37,0.07,1.0,0.06,-1.3
0,29462.14,2.23,1.0,1.74,0.71,-1.23,0.74,-1.03
0,42681.96,0.17,0.59,0.4,0.62,0.42,-0.19,0.22
0,68240.32,1.12,1.23,1.63,0.84,0.11,0.4,-0.79
0,56885.29,2.07,1.49,2.06,1.49,-0.58,0.57,-0.57
0,48148.82,2.08,2.47,0.79,1.8,0.39,-1.68,1.01
0,51342.73,0.27,0.32,0.42,0.29,0.05,0.1,-0.13
0,79861.98,2.28,2.27,0.94,0.13,-0.01,-1.33,-0.81
0,48704.68,1.14,0.61,1.35,1.74,-0.53,0.74,0.39
0,25305.21,0.54,1.31,2.46,1.86,0.77,1.15,-0.6
0,45285.43,0.8,1.03,0.03,0.47,0.23,-1.0,0.44
0,74363.78,2.09,2.43,1.02,0.9,0.34,-1.41,-0.12
0,44039.09,0.64,1.91,2.34,1.3,1.27,0.43,-1.04
0,48485.22,1.74,1.29,1.11,0.86,-0.45,-0.18,-0.25
0,32018.45,0.54,2.14,1.76,0.06,1.6,-0.38,-1.7
0,2683.79,1.1,1.06,1.15,0.64,-0.04,0.09,-0.51
0,71164.49,1.96,2.09,0.57,1.03,0.13,-1.52,0.46
0,39560.64,0.61,0.45,0.93,0.45,-0.16,0.48,-0.48
0,51125.92,1.64,2.14,2.44,1.73,0.5,0.3,-0.71
0,28682.74,0.93,1.27,2.39,0.02,0.34,1.12,-2.37
0,37733.33,0.74,1.81,0.3,1.73,1.07,-1.51,1.43
0,27412.6,1.55,1.81,0.46,2.15,0.26,-1.35,1.69
0,47346.85,2.22,2.16,0.86,2.36,-0.06,-1.3,1.5
0,38197.37,1.0,1.04,1.67,2.02,0.04,0.63,0.35
0,71307.25,0.78,1.61,1.12,1.78,0.83,-0.49,0.66
0,57552.11,0.34,1.98,0.81,0.24,1.64,-1.17,-0.57
0,18487.07,1.06,0.73,0.94,0.78,-0.33,0.21,-0.16
0,75144.06,1.51,1.22,0.83,2.06,-0.29,-0.39,1.23
1,29657.12,2.24,0.13,1.98,0.62,-2.11,1.85,-1.36
0,62382.07,1.45,1.18,2.46,1.17,-0.27,1.28,-1.29
0,73834.21,0.12,1.68,1.33,2.41,1.56,-0.35,1.08
0,39203.1,1.1,1.33,0.8,2.14,0.23,-0.53,1.34
0,79057.38,1.12,2.25,0.36,1.8,1.13,-1.89,1.44
0,9011.14,0.74,1.11,0.01,1.97,0.37,-1.1,1.96
0,34522.8,2.06,1.14,0.4,0.39,-0.92,-0.74,-0.01
0,58240.74,2.4,1.99,1.87,1.77,-0.41,-0.12,-0.1
0,47297.1,2.22,1.11,0.23,0.64,-1.11,-0.88,0.41
0,78295.33,1.41,0.67,1.04,1.32,-0.74,0.37,0.28
0,70717.77,0.51,1.06,1.54,1.53,0.55,0.48,-0.01
0,77753.25,2.35,1.75,0.43,1.49,-0.6,-1.32,1.06
0,78646.99,0.51,2.42,1.49,0.21,1.91,-0.93,-1.28
0,73556.59,1.78,0.93,1.92,1.22,-0.85,0.99,-0.7
0,75993.43,1.24,2.32,1.33,0.46,1.08,-0.99,-0.87
0,47691.87,0.75,1.1,0.71,1.46,0.35,-0.39,0.75
0,75969.74,2.49,0.94,0.61,1.82,-1.55,-0.33,1.21
0,58304.59,1.24,0.29,0.74,2.48,-0.95,0.45,1.74
1,58826.93,1.12,1.76,0.15,0.74,0.64,-1.61,0.59
0,51986.85,0.3,0.04,2.23,0.59,-0.26,2.19,-1.64
0,9430.17,1.81,1.89,0.01,1.37,0.08,-1.88,1.36
0,11128.55,1.35,1.14,0.46,2.09,-0.21,-0.68,1.63
0,37440.5,1.61,0.59,0.3,0.02,-1.02,-0.29,-0.28
0,8045.23,1.64,1.1,0.95,1.03,-0.54,-0.15,0.08
0,66339.0,0.95,0.07,0.9,0.3,-0.88,0.83,-0.6
0,52842.95,2.29,0.74,0.33,1.6,-1.55,-0.41,1.27
0,18693.46,0.38,1.91,1.91,1.56,1.53,0.0,-0.35
0,12437.96,1.42,1.64,0.34,1.05,0.22,-1.3,0.71
0,46900.69,0.09,0.81,0.23,0.57,0.72,-0.58,0.34
0,57194.47,0.92,2.42,1.51,1.22,1.5,-0.91,-0.29
0,65942.97,0.58,1.22,2.09,0.69,0.64,0.87,-1.4
0,15312.91,1.43,0.61,0.94,0.88,-0.82,0.33,-0.06
0,75378.29,1.26,0.92,1.49,1.43,-0.34,0.57,-0.06
0,54187.75,0.43,0.38,0.8,1.75,-0.05,0.42,0.95
0,28332.8,1.51,2.4,0.39,1.1,0.89,-2.01,0.71
0,48566.43,2.14,2.28,0.5,0.21,0.14,-1.78,-0.29
0,28707.41,1.11,0.54,2.19,0.98,-0.57,1.65,-1.21
0,17064.17,1.43,0.68,0.56,0.19,-0.75,-0.12,-0.37
0,2379.79,0.94,0.37,0.2,1.19,-0.57,-0.17,0.99
0,56514.96,1.98,2.01,1.57,0.72,0.03,-0.44,-0.85
0,38867.45,0.11,1.37,1.33,2.4,1.26,-0.04,1.07
0,40045.29,0.39,1.23,2.31,2.39,0.84,1.08,0.08
0,45802.53,2.43,1.93,0.76,1.76,-0.5,-1.17,1.0
0,37847.68,0.99,1.84,0.97,1.57,0.85,-0.87,0.6
0,37607.42,2.3,2.4,0.82,2.21,0.1,-1.58,1.39
0,15599.04,1.58,2.26,1.74,1.32,0.68,-0.52,-0.42
0,48944.53,0.02,0.25,0.57,0.44,0.23,0.32,-0.13
0,6367.54,1.3,1.9,1.56,2.46,0.6,-0.34,0.9
0,31182.28,2.34,0.55,2.41,1.24,-1.79,1.86,-1.17
0,38139.72,1.32,0.55,0.17,2.49,-0.77,-0.38,2.32
0,57508.07,2.45,0.62,1.44,1.09,-1.83,0.82,-0.35
0,3490.65,1.89,1.83,1.19,2.33,-0.06,-0.64,1.14
0,3625.7,2.11,0.5,0.88,0.28,-1.61,0.38,-0.6
0,74495.76,0.27,0.22,0.94,0.82,-0.05,0.72,-0.12
0,50846.22,1.63,2.34,1.34,1.53,0.71,-1.0,0.19
0,30824.16,1.32,0.99,2.23,0.56,-0.33,1.24,-1.67
0,5156.87,2.15,0.74,2.13,0.97,-1.41,1.39,-1.16
0,9478.14,2.33,2.11,1.25,1.02,-0.22,-0.86,-0.23
0,49310.05,0.04,1.0,1.67,1.22,0.96,0.67,-0.45
0,39245.15,0.44,0.87,0.57,1.05,0.43,-0.3,0.48
0,38410.46,0.39,0.93,0.81,0.11,0.54,-0.12,-0.7
0,52997.67,1.2,0.97,1.48,1.15,-0.23,0.51,-0.33
1,44727.7,1.26,0.09,2.06,1.76,-1.17,1.97,-0.3
0,66644.2,0.32,0.6,0.08,0.0,0.28,-0.52,-0.08
1,79038.55,1.7,1.63,0.17,1.16,-0.07,-1.46,0.99
0,78605.34,0.17,2.18,0.08,2.1,2.01,-2.1,2.02
0,12854.81,0.5,1.08,2.42,1.29,0.58,1.34,-1.13
1,64676.32,1.48,0.1,0.48,1.05,-1.38,0.38,0.57
0,40420.93,1.07,2.42,2.41,2.42,1.35,-0.01,0.01
0,71275.67,0.99,1.38,0.04,1.0,0.39,-1.34,0.96
0,63507.83,1.19,0.7,0.64,1.85,-0.49,-0.06,1.21
0,31036.92,0.77,0.79,1.91,1.71,0.02,1.12,-0.2
0,60714.27,1.38,2.09,1.28,0.9,0.71,-0.81,-0.38
0,40179.73,1.87,0.06,0.23,0.74,-1.81,0.17,0.51
0,60847.25,0.56,1.55,1.66,0.51,0.99,0.11,-1.15
0,31902.3,1.21,0.63,0.45,0.73,-0.58,-0.18,0.28
0,74335.27,1.87,1.02,1.29,1.19,-0.85,0.27,-0.1
0,26758.91,0.11,1.48,0.47,1.31,1.37,-1.01,0.84
0,41453.93,1.19,2.17,0.32,1.67,0.98,-1.85,1.35
0,53572.69,2.19,1.49,1.12,2.07,-0.7,-0.37,0.95
0,8202.06,1.9,0.99,0.69,0.92,-0.91,-0.3,0.23
0,13226.9,1.62,2.42,0.59,1.98,0.8,-1.83,1.39
0,59947.84,2.22,2.41,0.71,1.07,0.19,-1.7,0.36
0,73125.76,1.18,2.06,0.93,2.13,0.88,-1.13,1.2
0,28129.31,0.84,0.3,1.49,0.42,-0.54,1.19,-1.07
1,54719.24,1.44,1.76,0.11,2.27,0.32,-1.65,2.16
0,70642.93,1.38,1.15,0.22,1.57,-0.23,-0.93,1.35
0,27240.8,1.61,1.38,0.56,2.12,-0.23,-0.82,1.56
0,46921.95,2.25,2.28,0.37,0.47,0.03,-1.91,0.1
0,70435.24,1.99,0.15,2.11,0.16,-1.84,1.96,-1.95
0,9697.63,1.89,0.89,2.15,0.83,-1.0,1.26,-1.32
0,59840.65,0.76,1.22,0.19,1.04,0.46,-1.03,0.85
0,48419.93,1.49,1.93,0.19,0.6,0.44,-1.74,0.41
0,42500.92,1.14,1.86,0.43,0.29,0.72,-1.43,-0.14
0,64839.51,1.23,0.67,0.58,0.21,-0.56,-0.09,-0.37
0,41168.84,2.4,1.23,1.68,0.75,-1.17,0.45,-0.93
0,55737.62,0.14,0.38,0.14,0.06,0.24,-0.24,-0.08
0,39233.88,1.62,1.54,0.44,0.39,-0.08,-1.1,-0.05
0,68511.62,0.96,0.8,0.19,0.1,-0.16,-0.61,-0.09
0,78299.1,0.67,1.35,0.9,0.25,0.68,-0.45,-0.65
0,69280.57,1.12,1.1,0.21,0.57,-0.02,-0.89,0.36
0,64786.85,0.21,1.96,2.35,1.73,1.75,0.39,-0.62
0,48330.47,0.17,1.51,1.47,0.86,1.34,-0.04,-0.61
0,1639.37,1.33,2.03,1.0,2.36,0.7,-1.03,1.36
0,70785.73,0.05,2.37,2.25,0.61,2.32,-0.12,-1.64
0,58088.47,2.23,0.65,1.03,0.94,-1.58,0.38,-0.09
0,65288.25,0.31,0.35,0.85,2.01,0.04,0.5,1.16
0,68028.5,0.87,1.79,1.43,0.38,0.92,-0.36,-1.05
0,9492.21,1.12,0.45,1.71,0.73,-0.67,1.26,-0.98
0,57272.59,0.44,1.99,2.1,1.81,1.55,0.11,-0.29
0,72223.98,2.12,0.68,1.88,0.83,-1.44,1.2,-1.05
0,63986.09,0.89,1.09,0.27,1.45,0.2,-0.82,1.18
0,46235.19,2.35,2.44,2.1,0.11,0.09,-0.34,-1.99
0,46524.34,1.26,0.47,2.13,2.26,-0.79,1.66,0.13
0,47652.53,0.3,0.72,2.35,0.05,0.42,1.63,-2.3
0,49191.95,0.88,1.19,0.12,0.79,0.31,-1.07,0.67
0,61430.01,0.84,2.1,1.07,0.09,1.26,-1.03,-0.98
0,56090.21,0.6,1.21,1.12,0.3,0.61,-0.09,-0.82
1,61104.97,1.37,2.22,0.07,2.29,0.85,-2.15,2.22
0,10607.43,0.04,2.06,1.01,1.76,2.02,-1.05,0.75
0,54962.73,2.49,0.19,0.52,1.03,-2.3,0.33,0.51
0,12208.81,1.35,2.44,2.27,1.45,1.09,-0.17,-0.82
0,8948.94,1.89,1.11,2.05,0.8,-0.78,0.94,-1.25
0,61839.44,0.1,2.4,0.66,1.5,2.3,-1.74,0.84
0,79695.64,0.01,0.03,0.68,1.76,0.02,0.65,1.08
0,36145.79,0.12,0.84,1.47,2.49,0.72,0.63,1.02
0,26366.28,1.45,2.19,1.86,1.98,0.74,-0.33,0.12
0,64909.86,1.93,0.42,1.86,0.76,-1.51,1.44,-1.1
0,1009.57,0.35,1.63,0.55,1.03,1.28,-1.08,0.48
0,14801.14,1.16,2.15,1.86,0.32,0.99,-0.29,-1.54
0,63638.68,0.84,2.44,2.49,2.07,1.6,0.05,-0.42
0,48615.23,0.43,2.32,0.47,1.54,1.89,-1.85,1.07
0,50209.86,1.63,1.06,2.35,1.12,-0.57,1.29,-1.23
0,65351.75,1.65,1.04,0.9,1.74,-0.61,-0.14,0.84
1,60504.83,0.66,0.08,0.48,2.01,-0.58,0.4,1.53
0,79529.2,2.31,0.52,0.91,1.57,-1.79,0.39,0.66
0,53909.95,0.34,1.35,2.13,1.35,1.01,0.78,-0.78
0,39657.68,0.79,0.0,1.13,1.63,-0.79,1.13,0.5
0,52108.9,2.35,1.05,2.4,1.81,-1.3,1.35,-0.59
0,43775.83,2.04,1.04,1.59,1.13,-1.0,0.55,-0.46
0,71623.2,2.33,0.66,1.97,1.6,-1.67,1.31,-0.37
0,44090.8,1.1,0.53,1.55,1.9,-0.57,1.02,0.35
0,54880.08,0.94,0.49,2.31,0.0,-0.45,1.82,-2.31
1,63106.95,2.25,0.1,2.16,1.91,-2.15,2.06,-0.25
0,63532.75,1.76,1.4,2.2,2.1,-0.36,0.8,-0.1
0,65040.18,2.28,1.98,0.08,0.05,-0.3,-1.9,-0.03
0,12727.89,1.89,0.37,1.88,0.69,-1.52,1.51,-1.19
0,58488.44,0.55,1.93,1.79,1.75,1.38,-0.14,-0.04
0,53425.74,1.14,2.15,0.81,0.19,1.01,-1.34,-0.62
0,66670.29,2.0,2.18,0.41,1.94,0.18,-1.77,1.53
0,17278.17,0.17,1.22,0.88,1.41,1.05,-0.34,0.53
0,7412.29,0.04,0.7,0.84,1.8,0.66,0.14,0.96
0,45951.06,0.05,0.86,1.61,0.57,0.81,0.75,-1.04
0,51630.97,1.76,2.39,0.32,1.37,0.63,-2.07,1.05
0,15555.41,1.01,2.07,2.12,2.25,1.06,0.05,0.13
1,18401.24,1.12,0.12,1.82,0.63,-1.0,1.7,-1.19
0,41159.58,1.29,0.46,2.17,1.77,-0.83,1.71,-0.4
0,36012.69,0.71,1.75,1.47,0.8,1.04,-0.28,-0.67
0,34477.85,1.33,2.47,0.81,1.95,1.14,-1.66,1.14
0,51124.93,0.16,1.6,0.13,1.14,1.44,-1.47,1.01
0,57940.62,1.29,2.14,2.47,1.2,0.85,0.33,-1.27
0,58131.42,0.25,1.05,2.17,2.43,0.8,1.12,0.26
0,68017.36,0.68,0.41,1.76,1.34,-0.27,1.35,-0.42
0,66383.96,1.17,0.1,2.39,0.41,-1.07,2.29,-1.98
0,51124.42,1.12,1.05,0.37,0.28,-0.07,-0.68,-0.09
0,72762.19,1.6,0.87,0.2,1.59,-0.73,-0.67,1.39
0,53898.83,0.98,1.75,0.19,0.55,0.77,-1.56,0.36
0,32014.95,0.36,0.06,0.49,2.29,-0.3,0.43,1.8
0,34113.37,1.03,1.01,2.35,0.74,-0.02,1.34,-1.61
0,22405.44,2.07,0.63,1.5,1.13,-1.44,0.87,-0.37
0,54518.59,2.19,0.89,1.69,0.05,-1.3,0.8,-1.64
1,5643.4,0.82,1.98,0.12,0.63,1.16,-1.86,0.51
0,13124.52,0.38,1.16,1.03,0.58,0.78,-0.13,-0.45
0,32676.37,2.29,0.37,2.27,1.4,-1.92,1.9,-0.87
0,52175.58,1.68,0.62,1.61,0.61,-1.06,0.99,-1.0
0,54240.95,2.18,1.93,0.45,1.91,-0.25,-1.48,1.46
0,50057.89,0.58,1.0,0.14,2.36,0.42,-0.86,2.22
0,56344.35,1.8,0.88,1.81,2.23,-0.92,0.93,0.42
0,38289.59,1.05,0.11,1.48,1.6,-0.94,1.37,0.12
0,51403.41,1.08,2.39,1.43,1.88,1.31,-0.96,0.45
0,70981.12,0.21,2.08,1.4,1.77,1.87,-0.68,0.37
0,73004.66,0.24,1.34,1.44,0.44,1.1,0.1,-1.0
0,60022.36,0.28,2.43,0.91,1.78,2.15,-1.52,0.87
0,52462.73,1.86,2.09,1.49,0.76,0.23,-0.6,-0.73
0,72646.19,1.58,0.86,1.46,2.13,-0.72,0.6,0.67
0,75625.33,2.19,0.83,1.5,0.8,-1.36,0.67,-0.7
0,68820.05,0.14,1.24,2.39,0.4,1.1,1.15,-1.99
0,33129.0,1.58,1.59,2.1,1.21,0.01,0.51,-0.89
0,27558.58,1.67,0.1,0.43,0.25,-1.57,0.33,-0.18
0,48281.21,0.41,0.68,1.22,1.33,0.27,0.54,0.11
0,61085.0,0.85,0.41,0.9,0.54,-0.44,0.49,-0.36
0,21027.65,1.27,2.34,0.46,1.15,1.07,-1.88,0.69
0,1940.64,1.22,0.23,0.33,2.02,-0.99,0.1,1.69
0,38071.01,2.43,1.84,0.1,0.17,-0.59,-1.74,0.07
0,72665.5,1.74,0.65,0.47,1.86,-1.09,-0.18,1.39
0,71941.04,1.59,1.23,0.37,2.12,-0.36,-0.86,1.75
0,53434.2,0.5,1.91,2.13,1.11,1.41,0.22,-1.02
0,3947.5,1.66,0.28,2.02,2.11,-1.38,1.74,0.09
0,60408.85,1.14,1.48,1.59,0.43,0.34,0.11,-1.16
0,69257.86,1.27,0.53,0.7,0.25,-0.74,0.17,-0.45
0,55931.22,0.25,1.72,1.6,2.32,1.47,-0.12,0.72
0,52098.05,0.24,0.77,0.31,1.36,0.53,-0.46,1.05
1,53810.67,1.3,0.84,0.19,0.98,-0.46,-0.65,0.79
0,38680.76,1.44,1.46,1.23,2.25,0.02,-0.23,1.02
0,41342.6,0.15,2.4,0.31,0.5,2.25,-2.09,0.19
0,58426.91,0.71,2.4,0.84,0.79,1.69,-1.56,-0.05
0,4360.62,2.34,0.87,1.09,0.71,-1.47,0.22,-0.38
0,60364.11,2.42,1.3,0.33,0.88,-1.12,-0.97,0.55
0,75264.9,1.51,2.15,1.05,0.71,0.64,-1.1,-0.34
0,27439.27,0.28,0.78,1.57,1.0,0.5,0.79,-0.57
1,66952.74,0.76,1.34,0.18,1.5,0.58,-1.16,1.32
0,48313.24,1.33,1.62,1.89,1.01,0.29,0.27,-0.88
0,24948.7,0.55,1.5,1.66,2.29,0.95,0.16,0.63
0,36172.7,0.22,0.47,1.06,2.45,0.25,0.59,1.39
0,22533.03,2.08,2.43,0.24,1.65,0.35,-2.19,1.41
0,57202.06,1.44,1.0,1.6,1.14,-0.44,0.6,-0.46
0,37990.19,2.09,1.32,0.98,0.42,-0.77,-0.34,-0.56
0,71198.86,1.42,0.59,1.61,0.13,-0.83,1.02,-1.48
0,65904.35,2.37,1.05,2.44,1.17,-1.32,1.39,-1.27
0,55822.44,0.56,1.82,0.69,1.08,1.26,-1.13,0.39
0,35343.14,2.45,1.39,0.61,2.3,-1.06,-0.78,1.69
0,61548.68,0.3,1.52,1.0,2.44,1.22,-0.52,1.44
0,46452.0,0.94,0.39,0.54,0.88,-0.55,0.15,0.34
0,57534.14,0.81,0.27,0.87,0.93,-0.54,0.6,0.06
0,45281.9,0.1,0.61,2.03,0.47,0.51,1.42,-1.56
0,2247.61,2.15,1.62,1.4,0.03,-0.53,-0.22,-1.37
0,35495.37,1.78,0.35,1.49,1.97,-1.43,1.14,0.48
0,73909.34,1.76,1.64,1.1,0.22,-0.12,-0.54,-0.88
0,10525.36,0.95,0.31,1.35,1.03,-0.64,1.04,-0.32
0,11437.21,1.12,0.87,2.41,1.84,-0.25,1.54,-0.57
0,57940.44,1.38,1.96,0.04,0.7,0.58,-1.92,0.66
0,14592.04,0.85,0.81,1.0,2.38,-0.04,0.19,1.38
0,63392.89,2.27,0.6,1.08,2.24,-1.67,0.48,1.16
0,17772.07,0.47,0.31,0.72,0.09,-0.16,0.41,-0.63
1,64053.41,0.91,0.24,0.13,1.37,-0.67,-0.11,1.24
0,52526.97,1.86,1.47,0.59,2.0,-0.39,-0.88,1.41
0,26483.87,0.97,1.52,1.62,0.7,0.55,0.1,-0.92
0,4970.22,0.33,2.23,1.67,2.33,1.9,-0.56,0.66
0,67215.85,0.01,0.89,0.71,1.47,0.88,-0.18,0.76
0,56054.87,1.2,1.43,1.04,1.67,0.23,-0.39,0.63
0,62943.75,1.74,0.05,0.98,1.27,-1.69,0.93,0.29
0,16889.75,0.67,0.71,0.27,0.91,0.04,-0.44,0.64
0,58922.33,1.77,0.06,2.28,1.55,-1.71,2.22,-0.73
0,34481.97,1.59,1.46,0.24,1.75,-0.13,-1.22,1.51
0,65818.04,0.95,1.58,1.7,1.42,0.63,0.12,-0.28
0,10853.58,1.87,0.55,0.51,1.3,-1.32,-0.04,0.79
0,15959.18,0.37,0.25,1.81,0.76,-0.12,1.56,-1.05
0,18836.86,2.39,1.63,1.54,1.78,-0.76,-0.09,0.24
0,65907.85,0.65,0.84,1.03,0.68,0.19,0.19,-0.35
1,76537.07,2.29,0.19,1.8,1.43,-2.1,1.61,-0.37
0,59752.64,0.72,0.41,0.31,0.69,-0.31,-0.1,0.38
0,11959.53,2.24,0.6,0.48,1.42,-1.64,-0.12,0.94
0,43296.8,1.8,2.16,2.05,1.29,0.36,-0.11,-0.76
0,61956.48,1.82,0.9,2.12,2.04,-0.92,1.22,-0.08
0,60896.85,0.58,0.19,1.84,2.2,-0.39,1.65,0.36
0,19063.05,1.55,1.82,0.71,1.61,0.27,-1.11,0.9
0,20660.17,1.14,2.21,2.4,2.03,1.07,0.19,-0.37
0,30920.31,1.91,0.51,1.58,1.19,-1.4,1.07,-0.39
0,71226.17,0.88,0.98,1.91,1.83,0.1,0.93,-0.08
0,40130.34,2.43,0.74,0.88,1.29,-1.69,0.14,0.41
0,67365.32,0.37,2.16,0.49,1.25,1.79,-1.67,0.76
0,71175.92,1.22,1.5,1.07,0.69,0.28,-0.43,-0.38
0,57798.31,1.34,1.11,0.33,2.47,-0.23,-0.78,2.14
0,79075.08,1.94,2.35,0.15,0.75,0.41,-2.2,0.6
0,57935.7,1.84,1.31,1.44,2.35,-0.53,0.13,0.91
0,66904.0,0.61,1.87,1.97,2.1,1.26,0.1,0.13
0,59403.53,0.77,2.08,0.62,2.14,1.31,-1.46,1.52
0,17166.3,1.5,1.3,2.14,0.39,-0.2,0.84,-1.75
0,22032.45,0.81,2.16,1.25,1.65,1.35,-0.91,0.4
0,24983.32,2.5,1.21,2.13,2.22,-1.29,0.92,0.09
0,31064.54,0.33,1.55,1.98,0.77,1.22,0.43,-1.21
0,33289.24,0.84,2.39,1.18,0.38,1.55,-1.21,-0.8
0,61665.44,1.97,2.39,1.32,1.64,0.42,-1.07,0.32
0,72837.97,0.87,1.57,2.31,2.22,0.7,0.74,-0.09
0,22705.94,0.19,1.5,1.87,0.47,1.31,0.37,-1.4
0,11412.19,2.47,2.16,1.14,1.19,-0.31,-1.02,0.05
0,67747.49,0.33,1.71,2.06,1.45,1.38,0.35,-0.61
1,44687.79,1.79,0.09,1.98,2.5,-1.7,1.89,0.52
0,7088.36,1.37,1.38,0.46,1.15,0.01,-0.92,0.69
0,70127.73,2.35,1.73,0.55,1.0,-0.62,-1.18,0.45
0,24762.94,2.36,2.11,0.97,1.53,-0.25,-1.14,0.56
0,70051.68,1.09,2.26,1.62,1.25,1.17,-0.64,-0.37
0,70470.25,2.38,0.94,0.31,1.97,-1.44,-0.63,1.66
0,14363.46,0.85,0.41,2.41,0.93,-0.44,2.0,-1.48
0,32581.0,2.24,1.59,2.48,1.71,-0.65,0.89,-0.77
0,21390.29,0.06,1.03,0.45,0.67,0.97,-0.58,0.22
0,32303.34,0.48,0.82,0.84,0.11,0.34,0.02,-0.73
0,55021.29,1.45,1.71,0.61,1.84,0.26,-1.1,1.23
0,56680.63,2.11,2.41,1.09,0.76,0.3,-1.32,-0.33
0,36982.84,0.27,1.32,1.9,0.34,1.05,0.58,-1.56
0,14508.15,1.83,1.49,2.3,1.37,-0.34,0.81,-0.93
0,78918.9,1.91,1.21,0.83,1.96,-0.7,-0.38,1.13
0,64132.23,1.65,1.79,2.41,1.17,0.14,0.62,-1.24
0,18689.18,1.43,1.96,0.61,1.66,0.53,-1.35,1.05
0,52755.92,0.84,2.06,0.66,1.82,1.22,-1.4,1.16
0,52821.47,0.64,0.92,1.17,0.77,0.28,0.25,-0.4
0,31514.02,0.68,0.82,1.54,1.39,0.14,0.72,-0.15
0,66868.47,0.42,0.63,0.48,1.55,0.21,-0.15,1.07
0,4483.27,1.29,2.1,1.9,0.86,0.81,-0.2,-1.04
0,37487.13,1.95,1.59,2.26,2.28,-0.36,0.67,0.02
1,51284.99,1.12,0.12,0.28,1.12,-1.0,0.16,0.84
0,78131.32,1.57,0.8,1.15,1.59,-0.77,0.35,0.44
0,21974.32,2.46,2.45,0.61,1.16,-0.01,-1.84,0.55
0,42765.08,2.15,0.29,1.21,0.56,-1.86,0.92,-0.65
0,20905.11,0.18,1.42,2.34,1.11,1.24,0.92,-1.23
0,14263.55,2.13,1.78,0.54,0.57,-0.35,-1.24,0.03
0,41198.16,1.53,0.69,0.59,1.3,-0.84,-0.1,0.71
0,59727.12,0.19,0.19,1.94,2.45,0.0,1.75,0.51
0,69801.1,2.45,1.68,2.41,0.27,-0.77,0.73,-2.14
0,75687.89,1.86,1.9,1.87,1.36,0.04,-0.03,-0.51
0,37206.91,0.34,0.74,1.65,0.43,0.4,0.91,-1.22
0,63274.65,0.45,2.37,2.47,1.4,1.92,0.1,-1.07
0,23792.94,0.58,1.86,0.09,1.39,1.28,-1.77,1.3
0,43184.02,0.49,0.65,1.35,2.22,0.16,0.7,0.87
0,14553.78,2.39,1.41,0.62,1.73,-0.98,-0.79,1.11
0,54704.02,1.96,1.23,2.47,1.29,-0.73,1.24,-1.18
0,27074.56,0.69,0.05,0.75,0.42,-0.64,0.7,-0.33
0,16330.92,0.25,2.26,0.19,2.47,2.01,-2.07,2.28
0,38688.08,1.54,0.9,1.63,0.89,-0.64,0.73,-0.74
0,1140.12,1.22,0.28,1.32,0.23,-0.94,1.04,-1.09
0,5078.76,1.53,1.89,0.69,1.53,0.36,-1.2,0.84
0,49016.6,2.06,1.06,0.5,1.52,-1.0,-0.56,1.02
0,28572.19,1.33,0.87,1.21,1.46,-0.46,0.34,0.25
0,14669.54,0.66,1.45,0.83,0.46,0.79,-0.62,-0.37
0,40107.96,0.66,0.26,0.58,0.5,-0.4,0.32,-0.08
0,57490.32,0.49,1.27,1.23,1.37,0.78,-0.04,0.14
0,55013.56,0.67,1.16,1.67,1.05,0.49,0.51,-0.62
0,19615.54,1.09,2.06,1.52,0.04,0.97,-0.54,-1.48
0,33698.81,1.06,1.06,0.11,1.21,0.0,-0.95,1.1
1,18825.8,2.09,2.25,0.14,1.03,0.16,-2.11,0.89
0,72846.83,2.47,1.63,0.04,1.12,-0.84,-1.59,1.08
0,57148.7,0.24,1.55,1.73,0.86,1.31,0.18,-0.87
0,60752.7,0.38,1.61,0.35,1.87,1.23,-1.26,1.52
0,54963.44,2.28,1.43,0.44,0.43,-0.85,-0.99,-0.01
0,55753.73,1.9,0.83,0.91,2.07,-1.07,0.08,1.16
0,28524.85,2.08,0.92,0.53,0.65,-1.16,-0.39,0.12
0,38321.48,1.93,1.5,1.33,1.67,-0.43,-0.17,0.34
0,42819.43,0.17,2.47,0.4,0.94,2.3,-2.07,0.54
0,42471.04,1.59,1.94,1.21,0.2,0.35,-0.73,-1.01
0,78683.16,0.68,2.13,1.57,0.89,1.45,-0.56,-0.68
0,57157.07,0.75,1.38,1.56,1.98,0.63,0.18,0.42
0,5173.71,0.87,0.65,2.4,1.88,-0.22,1.75,-0.52
0,77596.69,1.02,1.52,2.3,1.76,0.5,0.78,-0.54
0,18885.82,2.03,1.54,1.02,1.58,-0.49,-0.52,0.56
0,15169.39,1.52,0.92,2.34,1.39,-0.6,1.42,-0.95
0,55447.71,0.74,0.4,1.15,0.39,-0.34,0.75,-0.76
0,3248.48,0.49,1.11,1.56,1.92,0.62,0.45,0.36
0,26036.13,2.0,2.49,1.41,2.27,0.49,-1.08,0.86
0,13704.33,2.49,1.24,0.88,1.29,-1.25,-0.36,0.41
0,52381.27,1.4,1.86,1.1,1.18,0.46,-0.76,0.08
0,42799.8,0.26,0.72,1.19,2.2,0.46,0.47,1.01
0,27199.64,0.13,1.69,0.77,1.16,1.56,-0.92,0.39
0,3666.88,1.22,0.56,1.91,0.81,-0.66,1.35,-1.1
0,51725.68,0.1,2.07,0.78,0.71,1.97,-1.29,-0.07
0,63159.9,0.68,0.91,1.22,1.35,0.23,0.31,0.13
0,62117.63,0.96,0.71,1.78,1.26,-0.25,1.07,-0.52
0,44017.36,0.09,1.28,0.01,0.74,1.19,-1.27,0.73
0,31004.51,0.09,2.17,0.14,2.34,2.08,-2.03,2.2
0,22613.65,0.79,1.43,1.28,1.73,0.64,-0.15,0.45
0,42687.79,2.29,0.25,2.47,0.5,-2.04,2.22,-1.97
0,41984.85,0.09,0.31,1.88,2.45,0.22,1.57,0.57
0,20855.92,0.82,2.4,1.35,2.17,1.58,-1.05,0.82
0,71439.96,0.87,1.86,2.32,0.77,0.99,0.46,-1.55
1,47783.63,0.95,0.14,1.81,0.86,-0.81,1.67,-0.95
0,61326.05,1.06,0.34,0.57,0.22,-0.72,0.23,-0.35
1,31910.53,1.27,0.03,1.03,1.24,-1.24,1.0,0.21
0,47598.51,2.2,0.73,1.26,0.1,-1.47,0.53,-1.16
0,31435.57,0.86,0.68,1.27,1.69,-0.18,0.59,0.42
0,12254.29,0.62,0.26,0.58,0.31,-0.36,0.32,-0.27
0,57833.31,1.55,0.92,2.25,0.78,-0.63,1.33,-1.47
0,51399.36,0.41,0.34,1.79,1.99,-0.07,1.45,0.2
0,63287.48,0.11,1.83,0.0,0.35,1.72,-1.83,0.35
0,63213.02,2.46,1.82,2.1,1.87,-0.64,0.28,-0.23
0,3470.38,0.47,0.75,2.07,0.47,0.28,1.32,-1.6
0,32542.79,0.89,1.26,0.36,0.76,0.37,-0.9,0.4
0,78026.3,0.5,1.4,0.02,1.6,0.9,-1.38,1.58
0,27968.03,2.25,0.23,1.97,2.18,-2.02,1.74,0.21
0,30531.08,1.3,1.31,0.78,0.32,0.01,-0.53,-0.46
0,25797.29,1.15,0.72,1.64,1.97,-0.43,0.92,0.33
0,49613.96,2.29,1.11,0.76,0.38,-1.18,-0.35,-0.38
0,9011.64,0.03,2.1,1.79,0.17,2.07,-0.31,-1.62
0,78276.75,0.12,0.99,1.09,0.64,0.87,0.1,-0.45
0,51038.96,1.45,1.82,0.3,0.56,0.37,-1.52,0.26
0,69265.77,1.62,0.5,1.21,1.99,-1.12,0.71,0.78
0,2348.22,1.45,2.36,1.23,0.58,0.91,-1.13,-0.65
1,44153.71,1.43,0.17,1.81,1.76,-1.26,1.64,-0.05
0,58219.88,0.93,0.44,0.83,2.17,-0.49,0.39,1.34
0,31351.25,0.43,0.87,1.36,1.03,0.44,0.49,-0.33
0,74739.47,0.02,1.11,1.24,0.96,1.09,0.13,-0.28
0,75868.54,0.45,0.76,1.63,1.26,0.31,0.87,-0.37
0,11861.56,0.5,1.11,2.33,0.37,0.61,1.22,-1.96
0,24685.04,1.95,0.59,1.94,0.28,-1.36,1.35,-1.66
0,46223.1,0.69,1.88,0.46,1.38,1.19,-1.42,0.92
0,10322.58,1.9,1.92,0.38,1.3,0.02,-1.54,0.92
0,27353.24,1.77,2.39,0.41,2.3,0.62,-1.98,1.89
0,6895.52,1.83,0.04,1.57,1.82,-1.79,1.53,0.25
0,53615.93,1.52,0.42,1.95,0.58,-1.1,1.53,-1.37
0,67980.0,1.81,0.85,0.93,1.12,-0.96,0.08,0.19
0,49768.23,1.26,2.31,0.89,1.36,1.05,-1.42,0.47
1,3574.0,0.72,0.13,1.39,2.49,-0.59,1.26,1.1
0,63759.61,1.56,1.67,0.53,0.93,0.11,-1.14,0.4
1,44074.1,2.44,2.0,0.1,0.91,-0.44,-1.9,0.81
0,73930.84,1.13,1.9,1.98,0.2,0.77,0.08,-1.78
0,59025.1,1.73,1.03,1.35,1.9,-0.7,0.32,0.55
0,37381.25,2.49,1.97,0.54,2.47,-0.52,-1.43,1.93
0,6712.22,0.43,1.98,1.65,0.11,1.55,-0.33,-1.54
0,54338.52,1.92,1.19,1.64,2.49,-0.73,0.45,0.85
0,70756.55,1.81,2.41,0.54,0.9,0.6,-1.87,0.36
0,45284.45,1.08,0.37,1.83,1.62,-0.71,1.46,-0.21
0,66133.8,0.76,0.26,0.04,0.52,-0.5,-0.22,0.48
0,6039.26,2.08,1.26,2.1,0.37,-0.82,0.84,-1.73
0,4024.54,0.87,2.41,0.5,0.96,1.54,-1.91,0.46
0,39716.37,0.46,1.39,1.3,1.75,0.93,-0.09,0.45
1,73504.58,0.77,0.71,0.1,1.62,-0.06,-0.61,1.52
0,47576.07,1.8,0.4,1.26,0.58,-1.4,0.86,-0.68
0,75963.48,0.9,0.2,2.15,0.38,-0.7,1.95,-1.77
0,75941.48,1.25,2.08,1.2,2.36,0.83,-0.88,1.16
0,65002.58,0.02,1.4,1.25,0.23,1.38,-0.15,-1.02
0,79794.43,1.73,1.22,0.91,1.89,-0.51,-0.31,0.98
0,8194.9,0.88,2.01,0.2,0.31,1.13,-1.81,0.11
0,5264.04,0.78,1.1,1.7,1.84,0.32,0.6,0.14
0,74577.31,0.23,0.64,0.44,1.67,0.41,-0.2,1.23
0,46263.98,1.32,1.25,1.07,0.29,-0.07,-0.18,-0.78
1,66977.27,2.05,0.15,0.8,2.09,-1.9,0.65,1.29
0,43005.84,2.36,0.52,2.46,0.68,-1.84,1.94,-1.78
0,3805.68,0.59,2.19,2.3,0.3,1.6,0.11,-2.0
0,66196.59,0.09,0.93,1.32,2.31,0.84,0.39,0.99
0,14227.34,0.8,2.3,0.32,0.97,1.5,-1.98,0.65
0,15686.77,1.11,0.61,1.79,1.91,-0.5,1.18,0.12
0,50710.77,1.22,0.46,1.93,2.48,-0.76,1.47,0.55
0,64794.74,2.34,1.71,0.0,0.15,-0.63,-1.71,0.15
0,51257.66,1.25,1.53,0.71,1.29,0.28,-0.82,0.58
0,1686.87,1.85,0.31,2.03,2.08,-1.54,1.72,0.05
0,60078.47,0.66,0.08,2.21,1.78,-0.58,2.13,-0.43
0,54726.19,0.83,1.62,2.02,0.46,0.79,0.4,-1.56
0,68817.68,2.2,2.17,1.9,2.37,-0.03,-0.27,0.47
0,28877.6,2.43,0.96,2.38,0.83,-1.47,1.42,-1.55
0,3954.36,1.66,1.07,0.92,2.21,-0.59,-0.15,1.29
0,15202.49,1.68,0.43,1.34,0.24,-1.25,0.91,-1.1
0,70298.17,1.99,2.38,0.41,0.61,0.39,-1.97,0.2
0,26588.92,0.63,2.09,2.05,1.59,1.46,-0.04,-0.46
0,77644.2,1.65,0.55,1.0,0.77,-1.1,0.45,-0.23
0,48455.42,1.31,2.3,2.01,1.91,0.99,-0.29,-0.1
0,35793.0,0.76,2.19,2.24,0.41,1.43,0.05,-1.83
0,23129.74,0.53,1.16,0.52,2.47,0.63,-0.64,1.95
0,19375.8,0.1,0.65,0.26,1.87,0.55,-0.39,1.61
0,44625.76,0.42,0.38,1.36,0.7,-0.04,0.98,-0.66
0,2151.2,1.89,2.38,2.09,0.92,0.49,-0.29,-1.17
0,74979.14,0.17,2.34,1.19,1.43,2.17,-1.15,0.24
0,68714.95,1.11,2.09,1.96,0.75,0.98,-0.13,-1.21
0,36037.31,0.93,1.01,1.5,1.52,0.08,0.49,0.02
0,19898.09,0.78,1.39,2.4,0.48,0.61,1.01,-1.92
0,9183.82,1.49,2.07,0.28,0.84,0.58,-1.79,0.56
0,56383.34,0.66,0.45,1.17,0.42,-0.21,0.72,-0.75
0,12812.77,2.26,0.66,0.09,0.13,-1.6,-0.57,0.04
0,13012.83,0.52,0.07,0.03,1.04,-0.45,-0.04,1.01
0,53212.55,0.55,1.35,1.38,0.73,0.8,0.03,-0.65
0,77889.04,1.28,1.4,2.45,1.83,0.12,1.05,-0.62
0,77353.01,1.94,0.68,2.13,1.27,-1.26,1.45,-0.86
0,8108.0,1.65,0.56,1.56,1.05,-1.09,1.0,-0.51
0,74536.86,1.61,1.65,2.32,0.03,0.04,0.67,-2.29
0,61906.36,1.37,2.21,0.45,0.05,0.84,-1.76,-0.4
0,47804.28,1.15,1.6,2.23,1.06,0.45,0.63,-1.17
0,58718.5,2.25,2.17,1.55,1.36,-0.08,-0.62,-0.19
0,78574.97,1.58,0.2,0.54,1.9,-1.38,0.34,1.36
0,40663.42,1.45,0.56,1.22,1.35,-0.89,0.66,0.13
0,12350.91,1.14,2.48,1.0,0.64,1.34,-1.48,-0.36
0,72707.71,2.49,0.97,2.01,0.18,-1.52,1.04,-1.83
0,31566.24,1.94,0.62,1.26,1.72,-1.32,0.64,0.46
0,31787.47,0.63,1.94,2.07,1.37,1.31,0.13,-0.7
0,55644.99,2.01,0.18,1.52,1.62,-1.83,1.34,0.1
0,61580.79,1.48,0.58,1.58,0.29,-0.9,1.0,-1.29
0,64296.92,2.18,1.91,2.15,2.37,-0.27,0.24,0.22
0,7635.42,1.91,1.51,2.15,0.69,-0.4,0.64,-1.46
0,69995.42,0.9,0.34,2.49,2.24,-0.56,2.15,-0.25
0,13469.09,0.9,0.27,1.56,0.87,-0.63,1.29,-0.69
0,24366.35,0.1,0.56,1.12,0.79,0.46,0.56,-0.33
0,40939.61,1.9,1.0,1.11,1.83,-0.9,0.11,0.72
0,23876.49,1.9,0.76,1.67,0.72,-1.14,0.91,-0.95
0,19952.05,0.26,0.4,1.73,1.12,0.14,1.33,-0.61
0,19262.0,1.99,1.94,0.83,0.92,-0.05,-1.11,0.09
0,12629.88,2.1,2.24,2.35,0.7,0.14,0.11,-1.65
0,76247.18,0.62,1.75,0.14,0.11,1.13,-1.61,-0.03
0,17605.19,1.09,1.89,0.54,2.13,0.8,-1.35,1.59
0,19767.8,0.28,1.86,0.22,1.33,1.58,-1.64,1.11
0,38576.86,0.77,2.05,1.37,0.24,1.28,-0.68,-1.13
0,41438.42,0.62,2.24,2.05,2.17,1.62,-0.19,0.12
0,42007.82,1.19,1.09,1.43,1.32,-0.1,0.34,-0.11
0,78325.6,0.23,0.16,0.98,0.46,-0.07,0.82,-0.52
1,48138.48,1.68,0.16,0.54,2.12,-1.52,0.38,1.58
0,17717.83,1.25,0.46,1.03,0.99,-0.79,0.57,-0.04
0,12241.1,0.44,0.8,0.43,0.46,0.36,-0.37,0.03
0,48909.26,0.59,0.82,1.09,1.8,0.23,0.27,0.71
0,67223.65,2.33,1.1,0.69,2.13,-1.23,-0.41,1.44
0,73474.62,0.15,1.23,2.37,1.95,1.08,1.14,-0.42
0,21726.63,1.68,1.03,1.53,2.16,-0.65,0.5,0.63
1,35627.6,1.37,1.94,0.13,0.88,0.57,-1.81,0.75
0,54741.84,2.34,2.28,0.8,0.6,-0.06,-1.48,-0.2
0,49241.64,0.38,1.13,2.38,2.31,0.75,1.25,-0.07
0,22944.76,1.93,0.76,0.87,2.24,-1.17,0.11,1.37
0,79798.67,1.45,1.96,0.68,0.4,0.51,-1.28,-0.28
0,71273.5,2.46,0.86,1.68,0.92,-1.6,0.82,-0.76
0,48068.77,0.35,1.17,1.64,1.58,0.82,0.47,-0.06
0,79164.09,0.85,0.17,0.77,1.98,-0.68,0.6,1.21
0,32828.63,1.32,0.35,0.56,1.38,-0.97,0.21,0.82
0,59354.24,1.61,1.37,0.89,2.07,-0.24,-0.48,1.18
0,75572.73,1.14,2.12,0.71,1.88,0.98,-1.41,1.17
0,69090.59,0.93,2.41,1.55,0.84,1.48,-0.86,-0.71
0,18943.58,1.4,0.47,1.23,0.47,-0.93,0.76,-0.76
0,20940.46,1.67,0.24,2.47,2.06,-1.43,2.23,-0.41
0,75787.72,1.41,2.14,1.9,0.22,0.73,-0.24,-1.68
0,66623.8,0.91,0.78,0.34,0.89,-0.13,-0.44,0.55
0,46565.56,1.2,0.2,0.61,0.44,-1.0,0.41,-0.17
0,75085.22,1.1,1.42,1.15,1.36,0.32,-0.27,0.21
0,45520.01,1.53,1.04,0.8,0.63,-0.49,-0.24,-0.17
0,62540.01,2.32,1.12,1.7,1.77,-1.2,0.58,0.07
0,56648.97,0.82,0.67,1.63,1.54,-0.15,0.96,-0.09
0,48394.77,0.24,1.77,0.24,1.39,1.53,-1.53,1.15
0,55379.1,0.34,2.09,1.32,1.97,1.75,-0.77,0.65
1,41904.61,0.93,0.03,2.0,1.36,-0.9,1.97,-0.64
0,78474.18,1.02,1.21,0.77,2.02,0.19,-0.44,1.25
1,55502.05,1.58,0.04,0.52,0.82,-1.54,0.48,0.3
0,57786.59,0.93,2.46,0.32,1.36,1.53,-2.14,1.04
0,26329.22,1.9,1.37,1.31,1.18,-0.53,-0.06,-0.13
0,20127.28,0.55,1.38,2.02,0.33,0.83,0.64,-1.69
0,65583.08,0.71,2.3,2.28,2.15,1.59,-0.02,-0.13
0,36709.2,1.9,1.2,0.56,0.55,-0.7,-0.64,-0.01
0,7377.91,2.36,0.58,1.73,1.77,-1.78,1.15,0.04
0,38055.63,0.75,1.06,0.38,1.16,0.31,-0.68,0.78
0,49029.81,0.05,0.28,0.14,0.29,0.23,-0.14,0.15
0,77882.37,1.19,1.67,2.3,0.3,0.48,0.63,-2.0
0,16830.26,0.28,2.43,1.33,2.43,2.15,-1.1,1.1
0,41710.95,0.11,2.33,0.09,0.33,2.22,-2.24,0.24
0,33371.67,1.14,0.39,0.08,0.15,-0.75,-0.31,0.07
0,32088.78,2.17,0.32,1.09,0.76,-1.85,0.77,-0.33
0,22436.94,2.12,1.75,1.16,2.23,-0.37,-0.59,1.07
0,75872.29,1.24,0.13,2.47,0.23,-1.11,2.34,-2.24
0,15725.45,0.14,0.7,0.38,1.98,0.56,-0.32,1.6
0,64089.56,0.67,0.68,1.56,0.15,0.01,0.88,-1.41
0,45592.11,1.92,2.01,1.58,0.44,0.09,-0.43,-1.14
0,40598.03,1.0,1.3,1.01,0.82,0.3,-0.29,-0.19
0,79350.42,0.86,0.66,1.1,1.7,-0.2,0.44,0.6
0,63028.19,0.48,0.26,1.48,2.45,-0.22,1.22,0.97
0,55331.4,1.33,0.37,2.45,1.63,-0.96,2.08,-0.82
0,8220.62,1.34,1.16,2.13,0.75,-0.18,0.97,-1.38
0,26187.73,0.64,0.01,1.89,0.46,-0.63,1.88,-1.43
0,48638.23,1.59,0.89,2.39,0.08,-0.7,1.5,-2.31
0,71386.06,1.26,2.08,0.61,2.5,0.82,-1.47,1.89
0,40575.16,0.06,2.43,0.5,2.41,2.37,-1.93,1.91
0,36530.34,0.46,0.9,1.6,1.91,0.44,0.7,0.31
0,77526.52,1.51,2.37,0.2,0.2,0.86,-2.17,0.0
0,75111.72,0.89,2.31,2.07,1.02,1.42,-0.24,-1.05
0,67856.84,0.65,0.78,1.64,2.12,0.13,0.86,0.48
0,17478.85,0.88,1.49,1.59,1.53,0.61,0.1,-0.06
1,74418.04,1.1,0.12,0.53,0.81,-0.98,0.41,0.28
0,74224.53,1.53,0.39,1.2,0.64,-1.14,0.81,-0.56
0,67985.69,2.33,0.35,0.67,2.36,-1.98,0.32,1.69
0,70725.91,0.04,1.43,2.13,1.32,1.39,0.7,-0.81
0,4837.15,0.39,1.94,2.32,1.09,1.55,0.38,-1.23
0,78357.58,0.85,0.6,1.51,0.11,-0.25,0.91,-1.4
0,67679.66,0.47,1.94,0.23,2.39,1.47,-1.71,2.16
0,47571.28,0.3,1.12,0.17,1.5,0.82,-0.95,1.33
0,53622.92,2.15,1.69,2.15,0.21,-0.46,0.46,-1.94
0,52916.6,2.41,1.39,2.25,2.04,-1.02,0.86,-0.21
0,72564.79,1.74,2.13,0.7,0.19,0.39,-1.43,-0.51
0,37976.35,0.37,0.51,0.79,1.47,0.14,0.28,0.68
0,52303.57,1.93,1.42,1.85,1.01,-0.51,0.43,-0.84
0,17709.31,0.97,0.87,2.0,0.31,-0.1,1.13,-1.69
0,72969.6,0.95,0.79,2.11,0.43,-0.16,1.32,-1.68
0,52009.3,0.38,0.89,0.65,1.66,0.51,-0.24,1.01
0,11631.23,0.15,0.88,2.13,2.14,0.73,1.25,0.01
0,49386.51,2.39,0.35,1.19,1.79,-2.04,0.84,0.6
0,39552.47,0.27,2.12,0.32,1.2,1.85,-1.8,0.88
0,30658.32,0.31,1.14,2.3,1.89,0.83,1.16,-0.41
0,34782.9,1.69,0.58,1.73,1.78,-1.11,1.15,0.05
0,62950.57,2.34,0.23,1.75,0.52,-2.11,1.52,-1.23
0,2112.83,0.3,1.24,2.44,1.26,0.94,1.2,-1.18
0,57212.71,0.21,1.77,1.26,0.96,1.56,-0.51,-0.3
0,1605.91,1.48,1.68,0.81,0.84,0.2,-0.87,0.03
0,72352.49,1.18,1.32,1.04,1.19,0.14,-0.28,0.15
0,43601.61,2.31,1.02,0.52,0.4,-1.29,-0.5,-0.12
0,66212.82,1.95,0.2,1.63,0.43,-1.75,1.43,-1.2
0,14624.09,1.97,1.5,1.97,2.07,-0.47,0.47,0.1
0,26925.71,1.02,1.25,0.58,2.18,0.23,-0.67,1.6
0,65441.56,1.3,2.07,0.28,2.35,0.77,-1.79,2.07
0,29636.18,1.42,1.79,1.44,0.21,0.37,-0.35,-1.23
0,60759.65,0.74,0.11,0.68,1.41,-0.63,0.57,0.73
0,53931.31,2.03,0.59,1.05,0.95,-1.44,0.46,-0.1
0,29941.86,0.81,0.88,0.46,2.11,0.07,-0.42,1.65
0,69945.04,0.59,2.41,0.11,1.53,1.82,-2.3,1.42
0,25739.26,2.21,1.59,1.55,0.21,-0.62,-0.04,-1.34
0,33028.64,0.25,0.27,1.05,0.16,0.02,0.78,-0.89
0,51372.35,2.21,0.93,1.17,1.32,-1.28,0.24,0.15
0,58886.76,1.83,1.31,1.1,1.71,-0.52,-0.21,0.61
0,67375.66,0.66,2.41,1.43,1.44,1.75,-0.98,0.01
0,79980.63,0.47,0.2,2.43,1.85,-0.27,2.23,-0.58
0,3617.03,0.74,0.98,2.44,0.99,0.24,1.46,-1.45
0,4581.13,0.27,2.46,0.89,1.88,2.19,-1.57,0.99
0,35256.13,0.04,1.18,1.08,0.45,1.14,-0.1,-0.63
0,27858.6,0.55,0.46,0.92,1.67,-0.09,0.46,0.75
0,13263.7,1.21,0.41,0.77,1.09,-0.8,0.36,0.32
0,2171.09,0.99,0.27,1.68,2.42,-0.72,1.41,0.74
0,3200.74,1.23,0.31,1.72,0.02,-0.92,1.41,-1.7
1,44992.94,2.12,0.92,0.18,1.69,-1.2,-0.74,1.51
0,21349.37,0.04,1.33,1.16,2.41,1.29,-0.17,1.25
0,31730.93,1.76,0.39,1.36,2.21,-1.37,0.97,0.85
0,65810.86,2.21,1.78,1.66,1.36,-0.43,-0.12,-0.3
0,31644.13,1.77,0.61,1.22,2.36,-1.16,0.61,1.14
0,62519.59,1.63,1.82,0.52,1.76,0.19,-1.3,1.24
0,45265.23,1.27,0.3,2.22,0.06,-0.97,1.92,-2.16
0,11946.79,1.71,1.81,1.09,0.51,0.1,-0.72,-0.58
0,69662.41,2.45,0.23,1.69,0.01,-2.22,1.46,-1.68
0,36161.66,0.74,0.37,0.85,0.36,-0.37,0.48,-0.49
0,5585.54,2.3,1.95,2.07,1.55,-0.35,0.12,-0.52
0,70197.29,0.95,1.45,1.43,1.53,0.5,-0.02,0.1
0,56869.25,0.47,0.53,1.74,0.83,0.06,1.21,-0.91
0,65583.26,1.26,2.04,1.71,0.54,0.78,-0.33,-1.17
0,49477.79,2.13,2.34,2.16,2.4,0.21,-0.18,0.24
0,72032.32,1.96,0.92,1.54,0.28,-1.04,0.62,-1.26
0,79503.07,0.37,1.68,0.26,1.78,1.31,-1.42,1.52
0,67252.46,1.52,1.11,0.33,2.15,-0.41,-0.78,1.82
0,24991.9,1.95,0.2,1.22,0.34,-1.75,1.02,-0.88
0,30333.16,1.36,0.43,1.46,0.57,-0.93,1.03,-0.89
0,61718.38,1.42,0.9,0.71,0.27,-0.52,-0.19,-0.44
0,6432.07,0.53,1.15,1.09,0.28,0.62,-0.06,-0.81
0,26357.06,1.12,1.76,2.47,1.28,0.64,0.71,-1.19
0,20149.42,2.3,1.19,1.25,0.33,-1.11,0.06,-0.92
0,37297.4,0.77,1.47,0.94,2.12,0.7,-0.53,1.18
0,4746.98,1.0,0.44,2.41,2.45,-0.56,1.97,0.04
1,40444.14,1.24,1.92,0.14,1.2,0.68,-1.78,1.06
0,12919.04,1.8,1.21,1.62,0.38,-0.59,0.41,-1.24
0,59895.23,0.46,0.25,1.66,2.33,-0.21,1.41,0.67
0,47071.99,0.25,2.41,2.3,1.6,2.16,-0.11,-0.7
0,48075.94,0.54,1.56,2.08,1.95,1.02,0.52,-0.13
0,45618.4,1.67,0.22,0.56,1.95,-1.45,0.34,1.39
0,41904.6,1.7,0.87,2.2,0.33,-0.83,1.33,-1.87
0,45457.95,1.29,1.64,0.73,2.15,0.35,-0.91,1.42
0,21412.35,0.2,2.33,1.35,0.74,2.13,-0.98,-0.61
0,3932.93,2.03,2.04,1.1,0.71,0.01,-0.94,-0.39
0,22174.23,0.7,0.47,1.25,1.59,-0.23,0.78,0.34
0,25830.11,1.8,1.81,0.58,0.64,0.01,-1.23,0.06
0,29755.99,0.53,1.3,1.5,1.65,0.77,0.2,0.15
0,50654.26,1.44,2.05,0.42,0.24,0.61,-1.63,-0.18
0,43714.86,2.37,1.76,0.24,2.03,-0.61,-1.52,1.79
1,75250.8,0.82,0.01,0.52,1.22,-0.81,0.51,0.7
0,68927.3,0.92,2.43,1.07,0.7,1.51,-1.36,-0.37
0,49581.98,1.7,0.42,1.47,1.05,-1.28,1.05,-0.42
0,2029.16,2.18,0.29,0.96,0.4,-1.89,0.67,-0.56
0,29444.25,1.48,1.04,1.42,2.41,-0.44,0.38,0.99
0,25769.42,0.73,2.31,0.97,1.79,1.58,-1.34,0.82
1,78170.43,1.73,0.08,1.56,1.38,-1.65,1.48,-0.18
0,71106.96,1.34,1.84,2.39,2.46,0.5,0.55,0.07
0,43502.04,0.38,1.45,0.29,1.04,1.07,-1.16,0.75
0,74115.86,1.7,0.36,1.12,0.33,-1.34,0.76,-0.79
0,25978.1,1.4,1.66,1.76,0.43,0.26,0.1,-1.33
0,66010.82,1.12,1.64,0.59,2.07,0.52,-1.05,1.48
0,21265.22,1.86,1.68,2.49,2.05,-0.18,0.81,-0.44
0,2391.16,0.61,1.9,0.03,2.42,1.29,-1.87,2.39
0,38843.86,1.25,1.99,1.07,2.23,0.74,-0.92,1.16
0,11613.63,1.35,0.48,0.53,0.8,-0.87,0.05,0.27
0,29395.86,1.51,0.66,0.64,1.27,-0.85,-0.02,0.63
0,60292.47,1.56,2.23,0.98,0.65,0.67,-1.25,-0.33
0,24019.08,2.03,1.27,0.88,1.28,-0.76,-0.39,0.4
0,23521.85,1.86,1.24,2.14,1.53,-0.62,0.9,-0.61
0,62577.52,0.96,2.49,1.24,2.05,1.53,-1.25,0.81
0,21063.2,0.94,1.66,1.81,0.06,0.72,0.15,-1.75
1,51607.17,1.96,0.94,0.18,1.07,-1.02,-0.76,0.89
0,48081.82,1.72,1.33,0.77,0.45,-0.39,-0.56,-0.32
0,58815.49,1.34,1.69,0.43,0.1,0.35,-1.26,-0.33
0,2859.37,1.71,2.03,1.97,1.39,0.32,-0.06,-0.58
0,76221.41,1.02,1.64,0.29,0.23,0.62,-1.35,-0.06
0,11815.87,2.43,0.06,2.34,0.05,-2.37,2.28,-2.29
0,30671.33,0.11,0.19,1.26,1.83,0.08,1.07,0.57
0,72387.85,1.86,1.86,1.79,1.84,0.0,-0.07,0.05
0,52134.27,0.73,1.24,2.09,1.71,0.51,0.85,-0.38
0,66383.75,1.11,1.73,1.18,2.38,0.62,-0.55,1.2
0,67736.16,0.91,0.64,2.23,0.41,-0.27,1.59,-1.82
1,71144.68,1.63,0.09,0.2,1.95,-1.54,0.11,1.75
0,57867.42,0.67,0.98,1.3,2.16,0.31,0.32,0.86
0,29751.22,0.19,1.37,0.32,0.63,1.18,-1.05,0.31
0,45143.03,2.15,2.13,0.91,0.73,-0.02,-1.22,-0.18
0,16964.93,1.02,2.49,0.29,1.5,1.47,-2.2,1.21
0,32406.98,2.07,0.64,2.26,1.87,-1.43,1.62,-0.39
0,19568.47,1.1,2.44,1.35,2.29,1.34,-1.09,0.94
0,12834.31,2.12,0.24,1.5,1.51,-1.88,1.26,0.01
0,4335.77,1.89,1.67,1.61,0.47,-0.22,-0.06,-1.14
0,76689.87,0.5,1.21,1.56,2.29,0.71,0.35,0.73
0,67289.62,0.51,0.13,0.85,1.28,-0.38,0.72,0.43
0,23583.64,1.22,2.21,0.33,2.26,0.99,-1.88,1.93
0,36371.62,0.69,2.19,1.44,0.46,1.5,-0.75,-0.98
0,60853.35,1.4,1.31,1.17,2.09,-0.09,-0.14,0.92
0,59130.81,0.86,1.12,1.95,1.55,0.26,0.83,-0.4
0,4385.23,0.92,1.38,1.78,1.33,0.46,0.4,-0.45
0,28544.35,0.8,2.44,1.24,1.14,1.64,-1.2,-0.1
0,51672.52,0.62,1.89,1.64,0.25,1.27,-0.25,-1.39
0,61031.83,0.85,2.19,0.08,1.79,1.34,-2.11,1.71
0,70785.15,1.09,0.59,1.3,1.5,-0.5,0.71,0.2
0,37195.08,0.08,1.82,2.46,1.87,1.74,0.64,-0.59
0,54886.55,0.67,0.36,0.45,2.29,-0.31,0.09,1.84
0,57435.18,0.58,1.11,1.26,2.23,0.53,0.15,0.97
0,9388.67,0.37,0.72,2.37,2.46,0.35,1.65,0.09
0,72189.42,0.7,1.47,0.84,0.74,0.77,-0.63,-0.1
0,58882.42,1.59,2.27,2.05,0.52,0.68,-0.22,-1.53
0,26096.21,0.44,0.59,0.96,0.4,0.15,0.37,-0.56
0,74940.76,0.58,1.57,0.65,0.03,0.99,-0.92,-0.62
0,70981.48,0.42,1.68,1.63,2.14,1.26,-0.05,0.51
0,56607.3,0.99,0.34,0.26,1.19,-0.65,-0.08,0.93
0,65722.64,1.66,2.21,1.23,0.79,0.55,-0.98,-0.44
0,48974.85,1.94,0.6,1.99,1.71,-1.34,1.39,-0.28
0,78341.12,0.13,0.68,0.48,2.15,0.55,-0.2,1.67
0,13776.28,1.28,1.78,2.28,0.54,0.5,0.5,-1.74
0,26338.38,1.72,2.13,0.64,0.15,0.41,-1.49,-0.49
0,66522.27,1.91,2.14,0.21,1.87,0.23,-1.93,1.66
0,49717.58,2.26,2.09,2.3,0.79,-0.17,0.21,-1.51
0,16506.43,2.21,1.87,1.35,1.65,-0.34,-0.52,0.3
0,42221.42,1.44,0.92,0.54,0.94,-0.52,-0.38,0.4
0,72238.15,2.2,1.91,0.87,2.35,-0.29,-1.04,1.48
0,21914.39,1.81,1.66,2.24,0.24,-0.15,0.58,-2.0
0,23402.98,1.47,1.07,1.23,1.57,-0.4,0.16,0.34
0,77490.79,1.53,0.66,1.4,0.06,-0.87,0.74,-1.34
0,78141.84,0.59,0.3,0.61,0.94,-0.29,0.31,0.33
0,33982.26,1.61,0.45,1.98,1.81,-1.16,1.53,-0.17
0,13266.15,0.42,1.25,2.22,1.79,0.83,0.97,-0.43
0,52177.24,1.75,0.74,1.31,2.28,-1.01,0.57,0.97
0,63834.94,1.93,1.51,1.0,0.38,-0.42,-0.51,-0.62
0,5884.74,1.49,1.32,0.66,0.24,-0.17,-0.66,-0.42
0,75584.84,1.56,2.0,2.37,1.21,0.44,0.37,-1.16
0,6409.55,0.7,0.64,2.31,0.05,-0.06,1.67,-2.26
1,14413.06,2.12,0.02,1.19,2.13,-2.1,1.17,0.94
0,73499.92,1.35,0.27,2.29,1.28,-1.08,2.02,-1.01
0,79248.48,2.02,1.25,0.26,2.19,-0.77,-0.99,1.93
0,15191.73,2.35,1.83,0.73,1.08,-0.52,-1.1,0.35
0,63428.57,1.22,1.91,2.21,0.05,0.69,0.3,-2.16
0,2119.49,1.68,0.01,1.01,0.84,-1.67,1.0,-0.17
0,71785.84,2.24,0.5,1.72,2.35,-1.74,1.22,0.63
0,3762.45,0.66,0.7,1.18,2.15,0.04,0.48,0.97
0,70916.64,0.74,2.44,0.09,1.66,1.7,-2.35,1.57
0,53894.54,1.28,0.13,1.33,1.47,-1.15,1.2,0.14
0,33702.16,1.88,0.66,0.21,0.98,-1.22,-0.45,0.77
0,76773.8,2.14,1.19,1.83,2.41,-0.95,0.64,0.58
0,33791.05,0.18,2.13,0.31,1.83,1.95,-1.82,1.52
0,62350.73,0.5,2.26,0.23,0.77,1.76,-2.03,0.54
0,76842.37,1.78,0.73,2.23,2.1,-1.05,1.5,-0.13
0,51075.8,1.31,1.84,0.8,1.26,0.53,-1.04,0.46
0,76630.02,1.78,0.6,1.36,0.29,-1.18,0.76,-1.07
0,16767.47,1.79,0.95,1.98,0.54,-0.84,1.03,-1.44
0,61086.34,2.35,2.0,2.4,0.47,-0.35,0.4,-1.93
1,54465.79,0.75,0.03,0.87,1.57,-0.72,0.84,0.7
0,58614.98,1.36,1.08,1.04,1.85,-0.28,-0.04,0.81
0,63303.89,1.62,0.53,0.71,0.17,-1.09,0.18,-0.54
0,2253.27,0.14,1.12,1.65,0.31,0.98,0.53,-1.34
0,53038.2,2.33,0.27,1.72,1.37,-2.06,1.45,-0.35
0,43156.91,1.76,1.32,2.49,0.64,-0.44,1.17,-1.85
0,13222.76,0.25,1.92,0.43,0.02,1.67,-1.49,-0.41
0,15622.58,0.13,2.04,1.89,1.43,1.91,-0.15,-0.46
0,41400.56,1.92,1.31,0.81,0.35,-0.61,-0.5,-0.46
0,33014.62,1.81,2.0,1.39,1.82,0.19,-0.61,0.43
0,31733.61,0.16,2.07,1.87,0.35,1.91,-0.2,-1.52
0,15414.5,0.63,1.56,2.08,0.57,0.93,0.52,-1.51
0,46686.11,1.72,0.2,1.3,0.36,-1.52,1.1,-0.94
0,65100.95,0.05,2.37,1.46,0.26,2.32,-0.91,-1.2
0,79733.0,0.83,2.0,2.07,1.26,1.17,0.07,-0.81
0,47249.31,2.32,0.43,0.33,0.56,-1.89,-0.1,0.23
0,73785.15,2.06,0.41,0.95,0.3,-1.65,0.54,-0.65
0,77841.99,1.02,0.14,1.95,1.35,-0.88,1.81,-0.6
0,37227.25,0.77,1.46,0.44,2.39,0.69,-1.02,1.95
0,59405.14,1.8,0.37,1.86,1.85,-1.43,1.49,-0.01
0,70892.33,1.35,1.92,0.69,1.76,0.57,-1.23,1.07
0,60748.21,1.73,1.66,0.78,1.43,-0.07,-0.88,0.65
1,75682.55,1.01,0.02,0.75,0.69,-0.99,0.73,-0.06
0,14734.18,0.82,0.36,0.03,0.96,-0.46,-0.33,0.93
0,47009.1,0.96,0.68,0.27,2.18,-0.28,-0.41,1.91
0,54754.9,1.88,2.19,2.33,1.89,0.31,0.14,-0.44
0,59079.43,1.8,1.77,1.57,0.0,-0.03,-0.2,-1.57
0,26430.04,1.55,0.88,1.33,1.96,-0.67,0.45,0.63
0,7177.51,2.46,0.8,1.93,1.09,-1.66,1.13,-0.84
0,59973.8,1.54,2.24,1.88,0.11,0.7,-0.36,-1.77
0,4102.06,0.22,1.25,0.23,2.09,1.03,-1.02,1.86
0,41934.67,1.41,1.6,1.87,2.29,0.19,0.27,0.42
0,22843.34,0.53,1.03,1.91,2.39,0.5,0.88,0.48
1,56674.39,2.27,1.27,0.01,2.43,-1.0,-1.26,2.42
0,78187.34,0.39,1.54,0.65,0.48,1.15,-0.89,-0.17
0,74241.89,0.07,2.25,0.75,0.08,2.18,-1.5,-0.67
0,12847.18,0.34,2.05,0.22,1.92,1.71,-1.83,1.7
0,63762.7,1.61,2.35,1.91,0.92,0.74,-0.44,-0.99
0,56001.71,1.95,0.13,1.8,0.97,-1.82,1.67,-0.83
0,66713.97,0.86,2.15,2.38,1.91,1.29,0.23,-0.47
0,49793.13,1.11,0.3,0.61,0.96,-0.81,0.31,0.35
0,46951.03,0.99,0.63,2.25,1.39,-0.36,1.62,-0.86
0,31278.42,1.91,1.28,2.39,0.75,-0.63,1.11,-1.64
0,46601.09,0.09,1.28,1.37,1.32,1.19,0.09,-0.05
0,5925.41,0.38,2.0,2.44,1.41,1.62,0.44,-1.03
0,37441.16,0.21,1.79,0.65,1.59,1.58,-1.14,0.94
0,1662.18,2.32,1.88,1.33,1.52,-0.44,-0.55,0.19
0,43870.98,1.35,1.72,1.66,1.72,0.37,-0.06,0.06
0,22995.62,1.68,1.76,1.85,0.9,0.08,0.09,-0.95
0,67197.94,0.72,0.31,0.97,0.67,-0.41,0.66,-0.3
0,40876.03,2.38,0.6,1.47,0.36,-1.78,0.87,-1.11
0,51578.01,0.28,2.04,0.77,0.18,1.76,-1.27,-0.59
0,54273.95,2.28,0.86,0.34,1.69,-1.42,-0.52,1.35
0,18826.67,0.67,2.34,1.25,0.13,1.67,-1.09,-1.12
0,14266.26,1.59,2.42,1.97,0.41,0.83,-0.45,-1.56
0,32305.05,0.94,0.59,1.64,0.05,-0.35,1.05,-1.59
0,32054.96,2.24,0.14,1.59,0.5,-2.1,1.45,-1.09
0,3905.33,2.31,2.21,0.61,0.04,-0.1,-1.6,-0.57
0,53274.72,0.54,1.92,1.95,1.08,1.38,0.03,-0.87
0,21660.34,0.15,1.96,0.31,1.63,1.81,-1.65,1.32
0,16770.43,2.13,1.66,0.09,1.69,-0.47,-1.57,1.6
0,46619.19,1.02,0.74,1.76,0.32,-0.28,1.02,-1.44
0,76709.51,0.18,1.02,1.14,1.49,0.84,0.12,0.35
0,66574.75,1.03,1.52,0.82,0.54,0.49,-0.7,-0.28
0,34354.3,0.08,1.3,0.21,0.93,1.22,-1.09,0.72
1,18498.91,0.76,0.06,0.14,1.86,-0.7,0.08,1.72
0,56917.05,0.24,1.01,0.01,1.7,0.77,-1.0,1.69
0,54263.97,2.45,1.73,0.17,2.41,-0.72,-1.56,2.24
0,76995.3,0.83,0.72,0.49,2.17,-0.11,-0.23,1.68
1,15553.3,2.21,0.02,0.37,2.41,-2.19,0.35,2.04
0,70097.64,1.46,0.58,0.13,0.36,-0.88,-0.45,0.23
0,68188.72,1.06,0.54,0.63,0.23,-0.52,0.09,-0.4
0,63806.82,0.03,0.49,1.52,0.61,0.46,1.03,-0.91
0,37960.55,0.46,0.01,1.63,1.31,-0.45,1.62,-0.32
0,19639.7,1.89,1.23,1.45,0.72,-0.66,0.22,-0.73
0,10709.39,1.56,0.53,1.18,0.25,-1.03,0.65,-0.93
0,41124.18,0.81,1.25,1.24,2.35,0.44,-0.01,1.11
0,47742.9,0.33,0.27,0.92,0.88,-0.06,0.65,-0.04
0,22221.2,1.38,2.02,1.68,1.81,0.64,-0.34,0.13
0,32857.63,0.46,1.67,0.03,1.03,1.21,-1.64,1.0
0,77398.39,2.39,2.21,2.17,2.25,-0.18,-0.04,0.08
0,47284.42,0.76,1.53,1.38,0.22,0.77,-0.15,-1.16
1,41592.57,1.71,2.5,0.16,1.44,0.79,-2.34,1.28
0,19826.13,0.47,1.84,1.26,1.52,1.37,-0.58,0.26
1,26129.81,1.52,0.12,1.55,2.0,-1.4,1.43,0.45
0,49610.84,2.31,2.16,2.44,0.22,-0.15,0.28,-2.22
0,25833.89,1.37,1.9,2.5,0.67,0.53,0.6,-1.83
0,70104.79,2.22,1.95,0.61,0.85,-0.27,-1.34,0.24
0,68891.98,0.33,0.31,0.69,1.97,-0.02,0.38,1.28
0,49458.77,0.51,2.43,2.4,0.12,1.92,-0.03,-2.28
0,54959.71,0.04,0.54,1.23,0.2,0.5,0.69,-1.03
0,29517.99,0.47,1.05,1.25,1.95,0.58,0.2,0.7
0,12104.04,0.44,0.61,1.99,0.46,0.17,1.38,-1.53
1,76528.58,0.72,0.19,2.13,1.93,-0.53,1.94,-0.2
0,43414.66,0.41,0.14,0.42,1.82,-0.27,0.28,1.4
0,36694.59,1.19,1.39,1.93,2.21,0.2,0.54,0.28
0,40988.41,2.23,1.58,1.91,0.02,-0.65,0.33,-1.89
0,69437.63,2.46,2.37,1.06,0.14,-0.09,-1.31,-0.92
0,72527.81,0.71,1.19,0.87,0.71,0.48,-0.32,-0.16
1,30233.18,1.53,0.05,0.55,1.74,-1.48,0.5,1.19
0,51891.08,0.63,1.52,0.4,1.49,0.89,-1.12,1.09
0,28538.84,1.24,2.49,1.89,2.1,1.25,-0.6,0.21
0,61710.45,1.2,0.9,2.4,1.35,-0.3,1.5,-1.05
0,56548.11,0.9,2.47,1.48,0.38,1.57,-0.99,-1.1
0,79137.03,0.02,1.44,1.83,1.89,1.42,0.39,0.06
0,20292.98,1.29,1.1,1.77,0.69,-0.19,0.67,-1.08
0,7240.58,0.55,1.25,0.46,2.42,0.7,-0.79,1.96
0,71116.85,1.2,1.82,2.04,0.16,0.62,0.22,-1.88
0,9514.82,0.23,2.02,0.95,2.15,1.79,-1.07,1.2
0,75039.34,0.44,2.22,2.26,2.44,1.78,0.04,0.18
0,52187.57,1.57,2.15,2.1,0.84,0.58,-0.05,-1.26
0,55252.23,1.68,0.97,0.02,0.25,-0.71,-0.95,0.23
0,28708.82,2.21,2.41,0.8,1.4,0.2,-1.61,0.6
0,66434.46,0.96,0.92,1.66,0.66,-0.04,0.74,-1.0
0,17683.61,1.23,1.6,2.12,0.35,0.37,0.52,-1.77
0,68533.16,2.09,2.43,2.21,1.79,0.34,-0.22,-0.42
0,36367.06,1.8,0.46,1.24,1.79,-1.34,0.78,0.55
0,11485.36,1.73,1.38,0.66,0.11,-0.35,-0.72,-0.55
0,62880.32,2.36,2.23,0.6,0.76,-0.13,-1.63,0.16
0,74103.67,2.33,2.29,0.22,0.98,-0.04,-2.07,0.76
0,45206.58,1.56,0.79,0.68,1.23,-0.77,-0.11,0.55
0,47233.1,1.1,1.08,1.38,1.53,-0.02,0.3,0.15
0,37025.62,1.88,0.99,0.81,0.83,-0.89,-0.18,0.02
1,66184.98,0.79,2.46,0.07,1.47,1.67,-2.39,1.4
0,60586.13,1.2,0.76,0.05,0.57,-0.44,-0.71,0.52
0,40071.48,0.26,1.71,0.82,1.15,1.45,-0.89,0.33
0,77816.85,1.24,2.07,0.2,1.86,0.83,-1.87,1.66
0,50985.23,1.98,2.43,1.83,0.16,0.45,-0.6,-1.67
0,79608.68,0.89,0.82,0.69,2.11,-0.07,-0.13,1.42
0,66344.42,0.71,0.02,2.47,0.41,-0.69,2.45,-2.06
0,54102.25,2.03,0.21,0.23,1.76,-1.82,0.02,1.53
0,53777.53,1.46,1.16,0.28,1.57,-0.3,-0.88,1.29
0,50062.31,1.77,0.53,1.47,1.91,-1.24,0.94,0.44
0,71760.68,2.39,1.5,2.39,0.03,-0.89,0.89,-2.36
1,26694.91,2.39,1.75,0.05,2.15,-0.64,-1.7,2.1
0,71747.48,0.97,2.49,1.67,2.34,1.52,-0.82,0.67
0,46650.51,0.68,2.45,1.26,2.01,1.77,-1.19,0.75
0,49871.47,0.14,0.06,1.11,0.83,-0.08,1.05,-0.28
0,55343.03,0.74,1.57,0.75,2.35,0.83,-0.82,1.6
0,5727.11,0.32,0.82,1.66,0.78,0.5,0.84,-0.88
0,2113.0,0.17,1.41,2.47,2.42,1.24,1.06,-0.05
0,77035.53,1.19,1.71,2.48,0.36,0.52,0.77,-2.12
0,77019.5,1.12,1.59,1.2,2.08,0.47,-0.39,0.88
0,7102.8,2.41,2.48,0.95,1.84,0.07,-1.53,0.89
0,77581.45,0.64,0.87,0.08,1.36,0.23,-0.79,1.28
0,70145.63,1.69,0.33,2.14,1.44,-1.36,1.81,-0.7
0,61892.9,0.5,0.43,0.74,1.82,-0.07,0.31,1.08
0,19277.41,0.94,0.0,0.38,1.53,-0.94,0.38,1.15
0,20231.78,1.09,0.29,0.73,2.4,-0.8,0.44,1.67
0,40426.81,0.41,0.37,0.25,0.79,-0.04,-0.12,0.54
0,2321.72,2.41,1.38,0.59,1.99,-1.03,-0.79,1.4
0,42147.55,0.86,1.62,1.49,2.38,0.76,-0.13,0.89
0,73937.3,1.28,2.17,1.23,2.32,0.89,-0.94,1.09
0,41353.47,2.22,0.45,0.08,0.65,-1.77,-0.37,0.57
0,26992.09,2.25,1.65,0.25,1.88,-0.6,-1.4,1.63
0,25027.95,0.8,2.3,1.41,1.58,1.5,-0.89,0.17
0,71007.88,0.71,1.81,0.89,1.86,1.1,-0.92,0.97
0,22790.37,0.26,1.36,2.38,1.83,1.1,1.02,-0.55
0,56805.57,1.36,0.89,0.09,1.98,-0.47,-0.8,1.89
0,19414.39,0.56,1.24,2.2,1.26,0.68,0.96,-0.94
0,36718.03,2.08,0.26,0.04,1.46,-1.82,-0.22,1.42
0,49347.67,1.46,0.35,1.61,1.8,-1.11,1.26,0.19
0,75604.7,2.35,0.96,0.34,1.28,-1.39,-0.62,0.94
0,34642.01,1.3,1.17,0.67,2.18,-0.13,-0.5,1.51
0,15083.35,0.22,0.28,0.7,1.58,0.06,0.42,0.88
0,40456.62,1.36,2.3,2.47,0.38,0.94,0.17,-2.09
0,63472.73,1.71,1.12,0.47,2.11,-0.59,-0.65,1.64
1,66479.9,1.08,0.02,0.47,0.97,-1.06,0.45,0.5
0,75626.09,0.48,0.09,1.43,0.64,-0.39,1.34,-0.79
0,66899.37,0.96,1.85,1.57,1.43,0.89,-0.28,-0.14
0,72597.21,1.07,1.84,1.69,0.37,0.77,-0.15,-1.32
0,67749.02,2.2,1.44,1.88,1.14,-0.76,0.44,-0.74
0,36980.67,1.38,1.42,2.22,1.08,0.04,0.8,-1.14
0,26465.37,0.74,2.28,2.09,0.46,1.54,-0.19,-1.63
0,18547.5,1.53,1.79,1.23,1.02,0.26,-0.56,-0.21
0,16677.84,2.43,1.98,1.71,1.38,-0.45,-0.27,-0.33
0,44725.71,0.7,0.8,1.4,1.57,0.1,0.6,0.17
0,35372.46,0.54,1.63,1.9,2.43,1.09,0.27,0.53
0,32691.08,0.33,0.97,1.62,1.02,0.64,0.65,-0.6
0,16266.22,1.62,1.76,2.04,1.0,0.14,0.28,-1.04
0,78594.6,1.5,0.81,2.0,1.29,-0.69,1.19,-0.71
0,49195.12,0.32,0.04,2.42,0.44,-0.28,2.38,-1.98
0,62169.22,1.84,1.48,1.22,1.01,-0.36,-0.26,-0.21
1,75806.95,0.92,1.84,0.12,1.13,0.92,-1.72,1.01
0,29029.0,1.68,0.99,1.57,0.39,-0.69,0.58,-1.18
0,22106.81,1.72,0.83,0.86,0.78,-0.89,0.03,-0.08
0,39175.81,2.26,1.45,1.33,0.09,-0.81,-0.12,-1.24
1,54557.33,1.85,0.18,1.69,2.48,-1.67,1.51,0.79
0,65563.29,0.99,1.26,0.44,1.96,0.27,-0.82,1.52
0,73309.02,1.73,0.62,2.29,0.15,-1.11,1.67,-2.14
0,27919.33,1.28,1.81,1.58,0.22,0.53,-0.23,-1.36
0,33376.8,2.2,2.24,2.33,1.57,0.04,0.09,-0.76
0,42445.7,1.79,0.56,2.37,1.7,-1.23,1.81,-0.67
0,44718.25,1.58,2.39,0.36,0.66,0.81,-2.03,0.3
0,54597.65,0.25,0.26,1.99,2.4,0.01,1.73,0.41
0,31569.67,2.19,2.14,0.37,2.01,-0.05,-1.77,1.64
0,40514.55,1.93,0.01,1.96,1.16,-1.92,1.95,-0.8
0,4475.27,1.18,2.49,1.82,0.37,1.31,-0.67,-1.45
0,43773.21,2.01,1.19,0.7,0.46,-0.82,-0.49,-0.24
0,25362.05,1.52,1.4,1.99,1.48,-0.12,0.59,-0.51
0,66431.31,1.28,1.27,0.78,0.52,-0.01,-0.49,-0.26
1,63244.67,1.11,0.36,0.06,2.15,-0.75,-0.3,2.09
0,38565.64,1.25,2.02,2.48,2.2,0.77,0.46,-0.28
0,13260.74,0.81,0.47,0.94,2.2,-0.34,0.47,1.26
0,51223.99,0.78,0.32,1.49,1.74,-0.46,1.17,0.25
0,60822.04,0.59,1.05,0.57,0.46,0.46,-0.48,-0.11
1,32407.06,0.82,0.07,1.77,0.81,-0.75,1.7,-0.96
0,68408.22,2.36,0.95,1.12,1.82,-1.41,0.17,0.7
0,41576.36,2.32,0.83,2.14,1.71,-1.49,1.31,-0.43
0,70971.58,0.04,1.17,1.98,1.92,1.13,0.81,-0.06
0,61593.05,0.44,1.24,1.6,1.85,0.8,0.36,0.25
0,54467.77,0.43,0.91,2.47,2.42,0.48,1.56,-0.05
0,6977.02,0.36,1.06,1.68,1.37,0.7,0.62,-0.31
0,5299.87,0.96,1.13,1.11,1.17,0.17,-0.02,0.06
0,39660.92,0.48,0.24,1.35,2.39,-0.24,1.11,1.04
0,28636.67,0.86,1.99,0.06,2.07,1.13,-1.93,2.01
0,10293.5,1.13,0.37,1.26,0.16,-0.76,0.89,-1.1
0,3143.22,0.7,0.27,2.0,0.38,-0.43,1.73,-1.62
0,22628.34,2.48,1.82,0.5,1.31,-0.66,-1.32,0.81
0,78469.28,1.84,0.83,1.56,0.16,-1.01,0.73,-1.4
0,43582.27,1.06,0.52,0.7,1.69,-0.54,0.18,0.99
0,29570.9,0.83,1.46,0.16,1.07,0.63,-1.3,0.91
0,3717.44,2.07,2.21,1.21,1.62,0.14,-1.0,0.41
0,72614.8,2.31,1.17,0.54,0.37,-1.14,-0.63,-0.17
1,56778.94,2.01,1.31,0.15,0.93,-0.7,-1.16,0.78
0,38024.32,0.95,1.66,0.44,1.51,0.71,-1.22,1.07
0,46575.02,1.96,1.11,1.07,0.91,-0.85,-0.04,-0.16
1,69800.75,1.07,2.19,0.16,1.92,1.12,-2.03,1.76
0,9540.72,2.04,1.89,2.5,1.71,-0.15,0.61,-0.79
0,40792.72,0.3,0.28,0.95,0.24,-0.02,0.67,-0.71
0,69071.01,1.99,1.34,1.54,0.28,-0.65,0.2,-1.26
0,74084.53,0.05,1.75,1.86,1.01,1.7,0.11,-0.85
0,37576.97,0.9,0.62,1.57,0.84,-0.28,0.95,-0.73
0,44850.4,1.69,1.02,0.11,0.81,-0.67,-0.91,0.7
0,71862.53,0.61,2.36,1.19,1.31,1.75,-1.17,0.12
0,12560.96,2.04,1.54,1.64,0.14,-0.5,0.1,-1.5
0,37867.7,0.12,1.59,2.5,0.49,1.47,0.91,-2.01
0,51082.34,2.37,1.32,1.15,2.01,-1.05,-0.17,0.86
0,48969.71,2.11,1.31,1.75,0.47,-0.8,0.44,-1.28
0,62777.33,0.54,1.37,1.61,1.85,0.83,0.24,0.24
0,77199.57,0.71,0.44,2.0,1.26,-0.27,1.56,-0.74
0,5360.08,2.19,2.09,0.46,0.34,-0.1,-1.63,-0.12
0,15853.67,1.49,1.3,2.37,0.02,-0.19,1.07,-2.35
0,75524.26,0.26,1.5,1.82,1.62,1.24,0.32,-0.2
0,34483.01,1.62,0.03,1.75,1.28,-1.59,1.72,-0.47
0,67112.85,2.0,2.16,0.84,1.64,0.16,-1.32,0.8
0,4083.0,1.88,1.56,0.91,2.47,-0.32,-0.65,1.56
0,52086.01,0.12,2.35,0.65,0.56,2.23,-1.7,-0.09
1,13533.73,1.53,1.63,0.02,1.64,0.1,-1.61,1.62
0,61803.04,2.14,0.36,2.07,0.08,-1.78,1.71,-1.99
0,1540.73,0.17,1.83,1.85,1.81,1.66,0.02,-0.04
0,60412.78,1.15,0.49,2.41,2.39,-0.66,1.92,-0.02
0,73850.69,1.05,1.51,0.69,2.2,0.46,-0.82,1.51
0,15137.0,1.76,1.98,1.06,1.73,0.22,-0.92,0.67
0,29060.78,1.47,1.93,0.81,0.4,0.46,-1.12,-0.41
0,37278.49,1.87,1.16,0.17,0.22,-0.71,-0.99,0.05
0,37893.39,1.04,2.42,1.4,1.32,1.38,-1.02,-0.08
0,20547.62,1.17,1.14,1.66,1.07,-0.03,0.52,-0.59
0,54742.39,0.78,0.55,1.37,1.03,-0.23,0.82,-0.34
0,32719.98,2.44,1.07,0.49,0.74,-1.37,-0.58,0.25
0,37105.69,0.09,0.98,0.32,0.02,0.89,-0.66,-0.3
1,44721.39,2.11,1.19,0.03,1.96,-0.92,-1.16,1.93
0,55031.53,2.15,0.12,0.81,1.73,-2.03,0.69,0.92
0,37257.87,1.86,0.31,0.1,1.2,-1.55,-0.21,1.1
0,40490.62,1.06,2.0,0.76,1.82,0.94,-1.24,1.06
0,46513.9,0.76,1.77,1.72,1.34,1.01,-0.05,-0.38
0,56672.77,0.23,0.12,1.11,0.93,-0.11,0.99,-0.18
0,74668.93,2.16,0.07,1.13,0.54,-2.09,1.06,-0.59
0,13713.31,1.21,1.53,1.23,1.12,0.32,-0.3,-0.11
0,1888.63,0.31,0.03,1.05,1.89,-0.28,1.02,0.84
0,9253.16,2.49,2.49,2.08,1.56,0.0,-0.41,-0.52
0,70227.34,1.87,2.14,1.54,1.41,0.27,-0.6,-0.13
0,67709.09,0.47,2.05,2.18,1.47,1.58,0.13,-0.71
0,30036.33,1.7,1.91,0.95,0.06,0.21,-0.96,-0.89
0,50142.26,2.11,0.19,2.02,0.84,-1.92,1.83,-1.18
1,78941.09,1.07,0.01,1.46,1.01,-1.06,1.45,-0.45
0,11233.81,0.14,2.18,1.89,0.95,2.04,-0.29,-0.94
0,22720.0,2.11,0.53,1.03,2.08,-1.58,0.5,1.05
0,25773.13,1.01,2.2,2.04,2.08,1.19,-0.16,0.04
0,9963.82,1.17,0.77,1.21,1.41,-0.4,0.44,0.2
0,24245.95,1.05,0.17,1.81,0.32,-0.88,1.64,-1.49
0,61668.96,1.9,1.25,2.18,1.62,-0.65,0.93,-0.56
0,54446.88,0.69,1.81,0.35,1.91,1.12,-1.46,1.56
0,77320.51,1.67,0.14,1.48,0.23,-1.53,1.34,-1.25
0,29881.49,0.46,1.59,2.33,2.2,1.13,0.74,-0.13
0,18854.64,0.4,0.82,1.7,1.38,0.42,0.88,-0.32
0,25512.07,2.26,1.3,1.09,0.03,-0.96,-0.21,-1.06
0,60574.03,0.79,2.35,0.41,1.72,1.56,-1.94,1.31
0,59503.02,2.31,2.45,2.45,0.15,0.14,0.0,-2.3
0,49429.87,2.06,1.06,1.7,1.72,-1.0,0.64,0.02
0,36106.91,0.23,0.3,0.93,0.46,0.07,0.63,-0.47
0,64417.95,1.03,2.48,1.85,0.43,1.45,-0.63,-1.42
0,51473.91,0.63,1.23,1.97,1.12,0.6,0.74,-0.85
0,68496.31,0.33,0.33,1.96,2.22,0.0,1.63,0.26
0,44132.18,1.19,1.45,0.8,1.4,0.26,-0.65,0.6
0,62057.59,1.48,1.25,1.96,0.62,-0.23,0.71,-1.34
0,63860.12,0.93,0.23,1.27,1.22,-0.7,1.04,-0.05
0,70840.94,2.4,1.41,0.63,1.75,-0.99,-0.78,1.12
0,33401.11,1.16,1.32,0.6,0.34,0.16,-0.72,-0.26
0,46846.25,2.2,1.84,2.12,1.91,-0.36,0.28,-0.21
0,15288.35,0.92,1.44,2.25,0.52,0.52,0.81,-1.73
0,64088.63,0.82,0.73,1.51,1.19,-0.09,0.78,-0.32
0,59374.4,0.5,1.97,2.17,1.73,1.47,0.2,-0.44
0,62883.4,0.38,1.21,0.81,2.1,0.83,-0.4,1.29
0,42367.78,2.22,1.85,1.06,1.95,-0.37,-0.79,0.89
0,13808.58,1.28,2.1,0.47,1.93,0.82,-1.63,1.46
0,9791.59,0.47,2.16,2.33,0.63,1.69,0.17,-1.7
0,69963.14,0.06,0.54,1.08,0.55,0.48,0.54,-0.53
0,58689.89,0.49,1.08,1.96,0.77,0.59,0.88,-1.19
0,63154.44,0.61,0.39,1.59,2.11,-0.22,1.2,0.52
0,23509.37,0.21,1.43,0.67,0.76,1.22,-0.76,0.09
0,45315.28,1.33,2.15,1.2,1.12,0.82,-0.95,-0.08
0,69908.25,0.63,0.93,0.77,2.39,0.3,-0.16,1.62
0,70379.52,0.66,2.36,1.73,1.27,1.7,-0.63,-0.46
0,66703.5,1.54,0.03,0.12,0.12,-1.51,0.09,0.0
0,70936.4,1.29,1.73,0.81,2.15,0.44,-0.92,1.34
0,54585.01,0.45,2.45,2.19,0.83,2.0,-0.26,-1.36
0,55798.76,0.97,2.06,0.93,1.52,1.09,-1.13,0.59
0,73481.39,0.42,0.47,0.71,2.14,0.05,0.24,1.43
0,74563.9,1.06,2.25,1.03,0.82,1.19,-1.22,-0.21
0,49804.94,2.34,1.26,1.31,1.03,-1.08,0.05,-0.28
0,30628.93,2.45,0.37,0.29,0.95,-2.08,-0.08,0.66
0,28001.34,1.91,1.41,0.21,1.59,-0.5,-1.2,1.38
0,52652.62,0.54,0.36,1.22,0.23,-0.18,0.86,-0.99
0,42094.94,1.83,1.0,2.34,1.43,-0.83,1.34,-0.91
0,17014.43,0.35,1.86,1.94,1.21,1.51,0.08,-0.73
0,59376.82,2.47,0.9,0.4,1.31,-1.57,-0.5,0.91
0,1916.38,0.41,2.47,1.26,0.76,2.06,-1.21,-0.5
0,40457.36,2.49,1.06,0.59,1.19,-1.43,-0.47,0.6
0,55265.38,0.76,1.83,0.57,1.87,1.07,-1.26,1.3
0,31374.57,1.5,1.2,1.4,0.76,-0.3,0.2,-0.64
0,7192.6,1.55,0.27,0.26,1.73,-1.28,-0.01,1.47
0,12115.96,2.03,0.65,0.12,1.13,-1.38,-0.53,1.01
0,26857.14,2.3,0.52,2.43,1.12,-1.78,1.91,-1.31
0,13038.2,0.36,1.51,2.21,0.41,1.15,0.7,-1.8
0,61538.21,1.59,0.69,2.31,1.92,-0.9,1.62,-0.39
0,60435.2,0.83,2.16,0.09,1.65,1.33,-2.07,1.56
0,46366.99,1.78,0.38,0.19,0.18,-1.4,-0.19,-0.01
0,11375.82,0.6,0.39,2.08,0.03,-0.21,1.69,-2.05
0,17034.43,1.85,1.29,2.33,0.46,-0.56,1.04,-1.87
0,47284.43,1.85,0.57,0.46,2.28,-1.28,-0.11,1.82
0,20998.91,0.1,0.37,0.2,1.25,0.27,-0.17,1.05
0,41001.49,1.25,0.12,0.18,1.7,-1.13,0.06,1.52
0,52354.55,1.91,0.38,1.74,2.32,-1.53,1.36,0.58
0,36671.12,2.47,0.61,1.69,1.63,-1.86,1.08,-0.06
0,72131.16,1.3,0.83,0.94,0.55,-0.47,0.11,-0.39
0,65920.79,0.25,0.33,0.93,0.09,0.08,0.6,-0.84
0,16675.57,0.84,0.17,1.0,1.03,-0.67,0.83,0.03
0,67677.68,1.06,1.14,0.01,0.11,0.08,-1.13,0.1
0,12022.18,1.23,1.16,0.25,0.26,-0.07,-0.91,0.01
0,72715.34,1.73,0.18,2.2,1.82,-1.55,2.02,-0.38
1,30848.47,2.37,0.59,0.06,1.34,-1.78,-0.53,1.28
0,51897.74,0.88,2.07,0.89,0.61,1.19,-1.18,-0.28
0,6200.38,0.38,1.88,1.6,2.02,1.5,-0.28,0.42
0,14334.0,0.74,0.99,1.42,2.48,0.25,0.43,1.06
0,4290.93,1.83,1.56,1.94,0.35,-0.27,0.38,-1.59
0,29506.74,0.69,0.87,1.9,0.45,0.18,1.03,-1.45
0,22118.03,1.22,2.12,1.22,2.39,0.9,-0.9,1.17
0,49902.49,0.02,1.78,1.74,0.91,1.76,-0.04,-0.83
0,45175.7,0.43,1.52,0.49,1.64,1.09,-1.03,1.15
0,43804.31,1.37,1.22,2.2,2.4,-0.15,0.98,0.2
1,42871.5,1.09,0.39,0.0,2.49,-0.7,-0.39,2.49
0,69044.91,1.44,1.15,1.2,1.93,-0.29,0.05,0.73
0,17165.49,0.43,2.14,0.24,2.42,1.71,-1.9,2.18
0,71909.47,0.05,0.66,0.68,1.11,0.61,0.02,0.43
0,32146.54,1.69,1.8,0.96,1.3,0.11,-0.84,0.34
0,79526.48,0.04,2.22,0.32,0.17,2.18,-1.9,-0.15
0,29842.21,1.36,2.43,1.12,1.23,1.07,-1.31,0.11
0,40193.67,2.06,0.97,2.3,0.03,-1.09,1.33,-2.27
0,4039.49,0.36,1.17,1.35,0.53,0.81,0.18,-0.82
0,71991.71,2.1,1.92,0.41,1.89,-0.18,-1.51,1.48
0,30038.8,0.81,1.55,1.5,1.01,0.74,-0.05,-0.49
0,20686.97,1.31,1.04,2.46,1.14,-0.27,1.42,-1.32
0,14324.42,0.91,2.12,2.28,1.26,1.21,0.16,-1.02
0,52116.31,2.05,0.63,0.63,0.47,-1.42,0.0,-0.16
1,15605.65,1.59,0.12,1.39,2.1,-1.47,1.27,0.71
0,61518.62,0.97,1.47,0.7,1.24,0.5,-0.77,0.54
0,32910.65,2.39,0.96,2.43,1.93,-1.43,1.47,-0.5
0,38534.55,0.48,0.63,1.02,0.06,0.15,0.39,-0.96
0,44579.65,1.15,1.14,0.52,2.17,-0.01,-0.62,1.65
0,3195.52,1.94,1.12,2.29,1.44,-0.82,1.17,-0.85
0,12818.56,2.46,1.14,1.18,0.95,-1.32,0.04,-0.23
0,54813.55,1.2,0.82,1.5,0.38,-0.38,0.68,-1.12
0,66820.33,1.46,2.21,1.2,1.77,0.75,-1.01,0.57
0,45374.62,1.62,2.03,2.26,1.7,0.41,0.23,-0.56
0,74537.74,1.78,0.89,1.03,1.23,-0.89,0.14,0.2
0,17193.51,1.31,2.18,1.44,0.05,0.87,-0.74,-1.39
0,61387.61,0.09,2.39,1.13,1.55,2.3,-1.26,0.42
0,76885.27,0.13,1.43,1.47,1.01,1.3,0.04,-0.46
0,61391.28,1.15,0.78,1.95,1.34,-0.37,1.17,-0.61
